Name,Description,CostPrice,TaxRate,CostIncTax,SalePriceIncTax,IsVariablePrice,MarginPerc,TaxExemptEligible,RRPrice,BottleDepositItemName,Barcode,Category,Size,Colour,ProductType,TareWeight,ProductId,AgeRestriction
"Ayoola Cassava fufu 900g", ,2.85000, ,2.85000,4.99000,,0.428860,,0, ,6151100001429,flour, , ,Standard, ,506120, 
"Banga Red Palm Oil 4L", ,9.20000, ,9.20000,13.99000,,0.342390,,0, ,6152110062714,Oil, , ,Standard, ,506122, 
"Puregro Easy cook Rice 5kg", ,4.75000, ,4.75000,5.99000,,0.207010,,0, ,5061004290977,Rice, , ,Standard, ,506123, 
"Puregro Golden Sella Basmati Rice 10kg", ,15.00000, ,15.00000,17.99000,,0.166200,,0, ,5060331896647,Rice, , ,Standard, ,506124, 
"Plantain fufu 500g", ,4.60000, ,4.60000,5.99000,,0.232050,,0, , ,flour, , ,Standard, ,506128, 
"Unripe Plantain box 20kg", ,36.00000, ,36.00000,48.00000,,0.250000,,0, , ,Plantain, , ,Standard, ,506129, 
"Milo Sachet Refill 400g(Nig)", ,4.00000, ,4.00000,5.99000,,0.332220,,0, ,"6151100032140,6033000683137",beaverage, , ,Standard, ,506130, 
"Turkey Mid wings 5kg", ,17.00000, ,17.00000,21.50000,,0.209300,,0, , ,"Frozen Protein", , ,Standard, ,506131, 
"Kawun/Potash 90g", ,1.00000, ,1.00000,1.50000,,0.333330,,0, ,5060238430067,spice, , ,Standard, ,506137, 
"Ripe Plantain box 20kg", ,41.60000, ,41.60000,52.00000,,0.200000,,0, , ,Plantain, , ,Standard, ,506140, 
"Banga Sticks", ,1.43000, ,1.43000,2.30000,,0.378260,,0, , ,spice, , ,Standard, ,506143, 
"TS Coconut Peanut 330g", ,2.75000, ,2.75000,3.99000,,0.310780,,0, ,5029788160664,snacks, , ,Standard, ,506144, 
"Bournvita 500g", ,4.40000, ,4.40000,6.50000,,0.323080,,0, ,7622210492081,Beverage, , ,Standard, ,506145, 
"Bournvita 900g", ,8.70000, ,8.70000,10.99000,,0.208370,,0, ,7622210492135,Beverage, , ,Standard, ,506146, 
"Cow foot 1kg", ,2.60000, ,2.60000,3.99000,,0.348370,,0, ,5060238430586,"Frozen Protein", , ,Standard, ,506147, 
"Achi Soup Thickner 70g", ,1.30000, ,1.30000,1.79000,,0.273740,,0, ,5061069140682, , , ,Standard, ,506148, 
"Mama’s Choice Plantain Fufu 1.5kg", ,9.60000, ,9.60000,12.50000,,0.232000,,0, ,854141000074,flour, , ,Standard, ,506152, 
"Frozen wings 1kg", ,3.64000, ,3.64000,5.99000,,0.392320,,0, ,5060238433914,"Frozen Protein", , ,Standard, ,506155, 
"Frozen Mid wings(cut) 10kg", ,41.20000, ,41.20000,45.30000,,0.090510,,0, , ,"Frozen Protein", , ,Standard, ,506156, 
"Jolly Chicken thigh 2kg", ,3.40000, ,3.40000,4.99000,,0.318640,,0, ,5060238433303,"Frozen Protein", , ,Standard, ,506158, 
"Beef Reed (Abodi) 1 kg", ,2.70000, ,2.70000,3.99000,,0.323310,,0, ,"5060238431903,0741813883212,0741813883212","Frozen Protein", , ,Standard, ,506160, 
"Beef Stripe/Shaki 1kg", ,3.84000, ,3.84000,4.99000,,0.230460,,0, ,"42072401512,0741813883175","Frozen Protein", , ,Standard, ,506161, 
"Boneless Cowfoot 1kg", ,5.96000, ,5.96000,7.99000,,0.254070,,0, ,"5060238430548,2107240178,0741813882222","Frozen Protein", , ,Standard, ,506163, 
"Cow Mask 1kg", ,3.50000, ,3.50000,4.99000,,0.298600,,0, ,0741813883199,"Frozen Protein", , ,Standard, ,506164, 
"Cow snout 1kg", ,2.96000, ,2.96000,3.99000,,0.258150,,0, ,"5060238431606,0741813883205","Frozen Protein", , ,Standard, ,506165, 
"AH Ground Crayfish 70g", ,2.20000, ,2.20000,2.79000,,0.211470,,0, ,5061069141351,Fish, , ,Standard, ,506166, 
"Derica Tomato paste 400g", ,1.34000, ,1.34000,1.80000,,0.255560,,0, ,"8055510221591,6154000102586",Grocery, , ,Standard, ,506167, 
"Peanut/Groundnut 500g", ,3.43000, ,3.43000,4.99000,,0.312630,,0, ,4533667890241,Snack, , ,Standard, ,506168, 
"Eniola poundo 1.5kg", ,5.99000, ,5.99000,7.99000,,0.250310,,0, ,5060202311101,flour, , ,Standard, ,506169, 
"Eniola Poundo Yam 4kg", ,14.99000, ,14.99000,16.99000,,0.117720,,0, ,5060202311102,flour, , ,Standard, ,506170, 
"Turkey Wings(Uncut) 5kg", ,16.50000, ,16.50000,19.50000,,0.153850,,0, , ,"Frozen Protein", , ,Standard, ,506171, 
"Goat meat 1kg", ,7.40000, ,7.40000,9.99000,,0.259260,,0, ,"5060238430791,4207240176,715706380065","Frozen Protein", , ,Standard, ,506173, 
"Golden Morn 300g", ,1.50000, ,1.50000,2.50000,,0.400000,,0, ,"6033000680297,6033000681492",Cereal, , ,Standard, ,506175, 
"Ah Whole Egusi/Melon 100g", ,1.25000, ,1.25000,1.69000,,0.260360,,0, ,4451255511,Grocery, , ,Standard, ,506176, 
"Semovita 2kg", ,2.80000, ,2.80000,4.30000,,0.348840,,0, ,6156000051154,flour, , ,Standard, ,506178, 
"Ijebu Garri 1.5kg", ,2.80000, ,2.80000,3.99000,,0.298250,,0, ,5060238433532,Garri, , ,Standard, ,506180, 
"Knorr Chicken (8gx45)", ,2.15000, ,2.15000,2.80000,,0.232140,,0, ,"6154000011291,6154000010348,6154000010270",seasoning, , ,Standard, ,506181, 
"Knorr Beef cubes (8gx45)", ,1.65000, ,1.65000,2.50000,,0.340000,,0, ,"6154000011130,6154000010270",seasoning, , ,Standard, ,506183, 
"Maggi Star 400g", ,1.10000, ,1.10000,1.99000,,0.447240,,0, ,6151100037817,seasoning, , ,Standard, ,506186, 
"Nido Powdered milk 400g", ,4.40000, ,4.40000,5.99000,,0.265440,,0, ,8715000998630,Milk, , ,Standard, ,506188, 
"Puregro whole Nutmeg 100g", ,2.25000, ,2.25000,3.29000,,0.316110,,0, ,5060331890317,spice, , ,Standard, ,506189, 
"Ofada Rice 1.5kg", ,3.80000, ,3.80000,4.99000,,0.238480,,0, ,5060238430494,Rice, , ,Standard, ,506190, 
"Ofada Rice 4kg", ,10.00000, ,10.00000,12.99000,,0.230180,,0, ,5060238431545,Rice, , ,Standard, ,506191, 
"Mild Curry 140g", ,1.80000, ,1.80000,2.50000,,0.280000,,0, ,5060238434478,spice, , ,Standard, ,506192, 
"Onga Seasoning Stew 50g", ,0.45000, ,0.45000,0.69000,,0.347830,,0, ,6008155010169,spice, , ,Standard, ,506193, 
"Pepper soup spice 100g", ,1.40000, ,1.40000,2.40000,,0.416670,,0, ,5060238430203,spice, , ,Standard, ,506194, 
"AH Poundo Iyan 8kg", ,19.00000, ,19.00000,26.99000,,0.296040,,0, ,"5060238430012,5061069140118",flour, , ,Standard, ,506196, 
"Royco powder 400g", ,1.50000, ,1.50000,1.99000,,0.246230,,0, ,"6154000012823,6162006608605",seasoning, , ,Standard, ,506197, 
"Suya Spice 100g", ,1.90000, ,1.90000,2.70000,,0.296300,,0, ,"5060238430418,5060645751229",spice, , ,Standard, ,506198, 
"Tropical Sun chicken stock powder 1kg", ,3.10000, ,3.10000,3.99000,,0.223060,,0, ,5029788175019,seasoning, , ,Standard, ,506199, 
"AH Yellow garri 5kg","AH Yellow garri 5kg",6.49000, ,6.49000,8.99000,,0.278090,,0, ,5061069145625,Garri, , ,Standard, ,506200, 
"Puregro HoneyBeans 4kg","Puregro Honey Beans 4kg",10.00000,NoTax,10.00000,13.99000,,0.285200,,0, ,"5061004298911,5056876203064",Beans, , ,Standard, ,580586, 
"Peeled Beans 4kg","Puregro Beans",7.40000,NoTax,7.40000,9.99000,,0.259260,,0, ,"5060331898238,5061004299918",Beans, , ,Standard, ,580608, 
"AH Poundo Iyan 1.5kg","AH Poundo Iyan 1.5kg",4.00000,NoTax,4.00000,5.49000,,0.271400,,0, ,"5061004295095,5061069140071",flour, , ,Standard, ,580632, 
"Puregro Peeled Beans 1.5kg","Peeled Beans 1.5kg",3.50000,NoTax,3.50000,4.99000,,0.298600,,0, ,5060331898245,Beans, , ,Standard, ,580652, 
"Hake Fish 10kg Box", ,37.50000,NoTax,37.50000,46.00000,,0.184780,,0, ,5060238430623,Fish, , ,Standard, ,580718, 
"Turkey Mid-Wings 1kg","Turkey Mid-Wings",3.80000,NoTax,3.80000,5.99000,,0.365610,,0, ,"4207240121,0741813882864",Frozen, , ,Standard, ,580736, 
"AH Iru Woro 80g","Iru Woro",1.20000,NoTax,1.20000,1.99000,,0.396980,,0, , ,Grocery, , ,Standard, ,580741, 
"Asiko Plantain Crisps Honey Roasted 50g Box 24","Asiko Plantain Crisps Honey Roasted 50g",16.49000,NoTax,16.49000,20.49000,,0.195220,,0, ,5037986000507,snacks, , ,Standard, ,871317, 
"Plantain Crisps sweet chilli 50g (box of 24)","Plantain Crisps sweet chilli 50g (box of 24)",16.49000,NoTax,16.49000,20.49000,,0.195220,,0, ,5037986001306,snacks, , ,Standard, ,871340, 
"Asiko Plantain Crispy L/Salted 75g (box of 24)","Asiko Plantain Crispy L/Salted 75g (box of 24)",16.49000,NoTax,16.49000,20.49000,,0.195220,,0, ,5037986001290,snacks, , ,Standard, ,871465, 
"Asiko Plantain Crisps unsalted (box of 24)","Asiko Plantain Crisps unsalted (box of 24)",16.99000,NoTax,16.99000,20.99000,,0.190570,,0, ,5037986001283,snacks, , ,Standard, ,871481, 
"Ayoola Poundo Yam 1.8kg","Ayoola Poundo Yam 1.8kg",5.20000,NoTax,5.20000,6.99000,,0.256080,,0, ,6151100001061,flour, , ,Standard, ,871494, 
"Banga Red Plam Oil 2 litres","Banga Plam Oil 2 litres",5.40000,NoTax,5.40000,8.99000,,0.399330,,0, ,6152110062721,Oil, , ,Standard, ,871767, 
"Cerelac Honey and Wheat with milk 1kg","Cerelac Honey and Wheat with milk 1kg",6.84000,NoTax,6.84000,8.99000,,0.239150,,0, ,7616100581535,Beverage, , ,Standard, ,871789, 
"Cerelac Mixed fruits and wheat with milk 1kg","Cerelac Mixed fruits and wheat with milk 1kg",6.84000,NoTax,6.84000,8.99000,,0.239150,,0, ,8410100181523,Beverage, , ,Standard, ,871831, 
"Checker Custard Vanilla flavour 2kg","Checker Custard Vanilla flavour 2kg",6.25000,NoTax,6.25000,7.99000,,0.217770,,0, ,6152110065968,Beverage, , ,Standard, ,871862, 
"Checker Custard Banana Flavour 2kg","Checker Custard Banana Flavour 2kg",5.33000,NoTax,5.33000,7.99000,,0.332920,,0, ,714084852690,Beverage, , ,Standard, ,877420, 
"Checker Custard Powder Vanilla 400g","Checker Custard Powder Vanilla 400g",1.10000,NoTax,1.10000,2.99000,,0.632110,,0, ,"6152110065975,6154000248000",Beverage, , ,Standard, ,877433, 
"Derica double concentrate Tomato paste 70g", ,0.42000,NoTax,0.42000,0.60000,,0.300000,,0, ,8055510221577,seasoning, , ,Standard, ,877648, 
"Derica  Tomato paste 850g","Derica double concentrate Tomato paste 850g",2.59000,NoTax,2.59000,3.49000,,0.257880,,0, ,8055510221607,seasoning, , ,Standard, ,877789, 
"Gino party jollo 50g","Gino party jollof Toamato seasoning mix 50g",0.32000,NoTax,0.32000,0.60000,,0.466670,,0, ,8410300363217,seasoning, , ,Standard, ,877835, 
"Gino peppe & onion Tomato seasoning mix 50g","Gino peppe & onion Tomato seasoning mix 50g",0.30000,NoTax,0.30000,0.60000,,0.500000,,0, ,8410300362715,seasoning, , ,Standard, ,877888, 
"Gino Tomato mix 55g","Gino Tomato mix 55g",0.32000,NoTax,0.32000,0.60000,,0.466670,,0, ,8410300362708,seasoning, , ,Standard, ,877893, 
"Golden penny Spaghetti 500g","Golden penny Spaghetti 500g",0.95000,NoTax,0.95000,1.30000,,0.269230,,0, ,6156000032207,noodles, , ,Standard, ,877907, 
"Natural Palm Drink 600ml","Natural Palm Drink 600ml",1.70000,20VAT,2.04000,3.00000,,0.320000,,0, , ,Grocery, , ,Standard, ,902080, 
"Grandios Pap Brown 500g","Grandios Pap Brown 500g",1.60000,NoTax,1.60000,2.30000,,0.304350,,0, ,718117784705,beaverage, , ,Standard, ,902180, 
"Grandios Pap White 500g","Grandios Pap White 500g",1.70000,NoTax,1.70000,2.30000,,0.260870,,0, ,718117784682, , , ,Standard, ,902193, 
"Indomie Chicken box of 40","Indomie Nigerian Chicken",6.99000,NoTax,6.99000,8.99000,,0.222470,,0, , ,noodles, , ,Standard, ,902228, 
"Knorr Aromat All Purpose Seasoning 90g","Knorr Aromat All Purpose Seasoning 90g",1.33000,NoTax,1.33000,1.99000,,0.331660,,0, ,5000184221241,seasoning, , ,Standard, ,902351, 
"Lady B Custard Powder 1.6kg","Lady B Custard Powder 1.6kg",4.50000,NoTax,4.50000,6.50000,,0.307690,,0, ,710154847436,Beverage, , ,Standard, ,902378, 
"Lion Brand Curry Powder 25g","Lion Brand Curry Powder 25g",0.52000,NoTax,0.52000,1.00000,,0.480000,,0, ,5010285115226,seasoning, , ,Standard, ,902450, 
"Lion Brand Dried Thyme 10g","Lion Brand Dried Thyme 10g",0.52000,NoTax,0.52000,1.00000,,0.480000,,0, ,5010285157394,seasoning, , ,Standard, ,902466, 
"Nkulenu Palm Soup 390g","Nkulenu Palm Soup 390g",1.67000,NoTax,1.67000,2.20000,,0.240910,,0, ,6034000022001,seasoning, , ,Standard, ,904914, 
"Ola Ola Pounded Yam 1.8kg","Ola Ola Pounded Yam 1.8kg",11.80000,NoTax,11.80000,14.50000,,0.186210,,0, ,650655496873,flour, , ,Standard, ,904924, 
"Ola Ola Pounded Yam 4.5kg","Ola Ola Pounded Yam 4.5kg",28.75000,NoTax,28.75000,34.99000,,0.178340,,0, ,650655244702,flour, , ,Standard, ,904939, 
"Peak Milk Powder 2.5Kg","Peak Instant Whole Milk Powder 2.5Kg",21.60000,NoTax,21.60000,26.50000,,0.184910,,0, ,8716200727754,Milk, , ,Standard, ,904970, 
"Peak milk Powder 400g","Peak Instant Whole Milk Powder 400g",3.96000,NoTax,3.96000,5.99000,,0.338900,,0, ,8716200727716,Milk, , ,Standard, ,904984, 
"Tasty Tom Jollof Mix Paste","Tasty Tom Jollof Mix Paste",0.31000,NoTax,0.31000,0.60000,,0.483330,,0, ,6154000050153,seasoning, , ,Standard, ,908963, 
"Puregro Semolina Fine", ,5.95000, ,5.95000,7.49000,,0.205610,,0, ,5060331891963,flour, , ,Standard, ,909494, 
"Puregro Ijebu garri 1.5kg","Ijebu garri 1.5kg",2.20000,NoTax,2.20000,2.99000,,0.264210,,0, ,5061004296238, , , ,Standard, ,911794, 
"Puregro Ijebu garri 4kg","ijebu garri 4kg",5.25000,NoTax,5.25000,6.99000,,0.248930,,0, ,"5061004298379,5060331897835", , , ,Standard, ,911805, 
"Puregro 100% Whole Wheat Sharbati Chakki Atta 10Kg","Puregro 100% Whole Wheat Sharbati Chakki Atta 10Kg",8.00000,NoTax,8.00000,10.99000,,0.272070,,0, ,5061004290106,flour, , ,Standard, ,912218, 
"Puregro All Purpose Seasoning 100g PM 79p","Puregro All Purpose Seasoning 100g PM 79p",0.58000,NoTax,0.58000,0.79000,,0.265820,,0, ,5060331890034,seasoning, , ,Standard, ,912229, 
"Puregro Aroma Basmati Rice 2kg PM £3.99","Puregro Aroma Basmati Rice 2kg PM £3.99",3.33000,NoTax,3.33000,3.99000,,0.165410,,0, ,8906049094234,Rice, , ,Standard, ,912241, 
"Puregro Aroma Platinum Extra Long Grain Basmati Rice 10kg","Puregro Aroma Platinum Extra Long Grain Basmati Rice 10kg",14.50000,NoTax,14.50000,16.99000,,0.146560,,0, ,8906049094210,Rice, , ,Standard, ,912249, 
"Puregro Aroma Platinum Extra Long Grain Basmati Rice 5kg","Puregro Aroma Platinum Extra Long Grain Basmati Rice 5kg",7.99000,NoTax,7.99000,9.49000,,0.158060,,0, ,8906049094227,Rice, , ,Standard, ,912254, 
"Puregro Banku Mix Dough 1kg PM £2.49","Puregro Banku Mix Dough 1kg PM £2.49",1.60000,NoTax,1.60000,2.49000,,0.357430,,0, ,5061004297457,Grocery, , ,Standard, ,912272, 
"Puregro Bay Leaves 15g","Puregro Bay Leaves 15g",0.53000,NoTax,0.53000,0.79000,,0.329110,,0, ,5061004296788,seasoning, , ,Standard, ,912280, 
"Puregro Bay Leaves 30g PM","Puregro Bay Leaves 30g",0.78000,NoTax,0.78000,1.49000,,0.476510,,0, ,5061004296856,seasoning, , ,Standard, ,912293, 
"Puregro Bean Flour 1.5kg PM","Puregro Bean Flour 1.5kg PM",3.71000,NoTax,3.71000,4.99000,,0.256510,,0, ,5061004292421,flour, , ,Standard, ,912308, 
"Puregro Black Eye Beans 1.5kg","Puregro Black Eye Beans 1.5kg",2.50000,NoTax,2.50000,3.49000,,0.283670,,0, ,5061004299062,Beans, , ,Standard, ,912316, 
"Puregro Black Eye Beans 4kg","Puregro Black Eye Beans 4kg",5.95000,NoTax,5.95000,7.99000,,0.255320,,0, ,5061004299048,Beans, , ,Standard, ,912317, 
"Puregro Black Pepper Fine 100g","Puregro Black Pepper Fine 100g",0.95000,NoTax,0.95000,1.39000,,0.316550,,0, ,5060331890089,seasoning, , ,Standard, ,912325, 
"Puregro Black Pepper Whole 100g","Puregro Black Pepper Whole 100g",1.25000,NoTax,1.25000,1.69000,,0.260360,,0, ,5061004298638,seasoning, , ,Standard, ,912333, 
"Puregro Brown Basmati Rice 2kg","Puregro Brown Basmati Rice 2kg",3.01000,NoTax,3.01000,3.99000,,0.245610,,0, ,5060331896722,Rice, , ,Standard, ,912336, 
"Puregro Brown Basmati Rice 5kg","Puregro Brown Basmati Rice 5kg",7.50000,NoTax,7.50000,8.99000,,0.165740,,0, ,5060331896739,Rice, , ,Standard, ,912349, 
"Puregro Brown Beans 1.5kg","Puregro Brown Beans 1.5kg",5.92000,NoTax,5.92000,7.99000,,0.259070,,0, ,5056876200087,Beans, , ,Standard, ,912354, 
"Puregro Brown Beans 4kg","Puregro Brown Beans 4kg",12.60000,NoTax,12.60000,16.99000,,0.258390,,0, ,5061004299260,Beans, , ,Standard, ,912358, 
"Puregro Roasted Peanut 500g", ,2.63000, ,2.63000,3.99000,,0.340850,,0, ,5061004294883,snacks, , ,Standard, ,954160, 
"Tom tom", ,0.80000, ,0.80000,1.50000,,0.466670,,0, ,7622201782832, , , ,Standard, ,954334, 
"AH Tigernut 200g", ,2.10000, ,2.10000,2.99000,,0.297660,,0, , ,Snack, , ,Standard, ,954341, 
Donkwa, ,2.00000, ,2.00000,2.50000,,0.200000,,0, ,715706937467,Snack, , ,Standard, ,954354, 
Bread, ,1.80000, ,1.80000,2.00000,,0.100000,,0, ,"5070003065516,2019110500001,799439680494,745114877611,5070003065578",Grocery, , ,Standard, ,954373, 
"Okro 100g", ,0.60000, ,0.60000,1.00000,,0.400000,,0, , ,vegetrables, , ,Standard, ,955641, 
"Okro 500g", ,3.00000, ,3.00000,4.50000,,0.333330,,0, , ,vegetrables, , ,Standard, ,955660, 
Fanta, ,1.00000, ,1.00000,1.50000,,0.333330,,0, ,54490123,Drinks, , ,Standard, ,959100, 
Shoko,Shoko,1.60000, ,1.60000,2.00000,,0.200000,,0, ,123456791,vegetrables, , ,Standard, ,991347, 
"yellow Garri 20Kg","yellow Garri 20Kg",26.14000, ,26.14000,34.99000,,0.252930,,0, , ,Garri, , ,Standard, ,991851, 
Coconut,Coconut,0.87000, ,0.87000,1.20000,,0.275000,,0, , ,Grocery, , ,Standard, ,992980, 
"Iwisa 2Kg","Iwisa 2Kg",2.20000, ,2.20000,3.20000,,0.312500,,0, ,5025971207154,flour, , ,Standard, ,995061, 
"Simas Butter","Simas Butter",1.47000, ,1.47000,2.00000,,0.265000,,0, ,8992628508155,Grocery, , ,Standard, ,995110, 
"Chin Chin","Chin Chin",1.50000, ,1.50000,2.50000,,0.400000,,0, ,"5060051922220,5060645757665",snacks, , ,Standard, ,995121, 
"Tura Soap pack of 3","Tura Soap pack of 3",2.40000, ,2.40000,3.00000,,0.200000,,0, ,6156000060118,soap, , ,Standard, ,995134, 
"Dudu Osun","Dudu Osun",0.80000, ,0.80000,1.20000,,0.333330,,0, ,6156000043821,Grocery, , ,Standard, ,995151, 
"Delta Soap","Delta Soap",1.50000, ,1.50000,2.00000,,0.250000,,0, ,6156000026183,Grocery, , ,Standard, ,995165, 
"Super Malt Pk of 12","Super Malt Pk of 12",13.00000, ,13.00000,17.99000,,0.277380,,0, ,5741000232590,Drinks, , ,Standard, ,995176, 
"Malta guiness pack of 24","Malta guiness pack of 24",10.99000, ,10.99000,13.99000,,0.214440,,0, , ,Grocery, , ,Standard, ,1018928, 
"Malta guineas 1can", ,0.55000, ,0.55000,1.00000,,0.450000,,0, ,"5010162000164,5025866000181,5449000268686,5449000064110,5000213018255",Drinks, , ,Standard, ,1019036, 
"Smoked Panla", ,4.99000, ,4.99000,5.99000,,0.166940,,0, , ,Fish, , ,Standard, ,1021919, 
"Plantain chips", ,0.67000, ,0.67000,1.00000,,0.330000,,0, ,"6006502300154,6006502200157,5037986000019,6006502100150,5056876200032",Snack, , ,Standard, ,1024521, 
"Farina 1.5kg", ,3.60000, ,3.60000,5.99000,,0.399000,,0, ,5060110132508,flour, , ,Standard, ,1032336, 
"Spicity jollof & stew 10g", ,0.08000, ,0.08000,0.20000,,0.600000,,0, ,"6156000169958,6156000169910",seasoning, , ,Standard, ,1032492, 
Robb, ,0.80000, ,0.80000,1.20000,,0.333330,,0, ,6033000102584,Groceries, , ,Standard, ,1032660, 
"Ghana palmnut soup 800g", ,2.70000, ,2.70000,3.99000,,0.323310,,0, ,5060645758655,Groceries, , ,Standard, ,1032681, 
"Palm soup base 390g", ,1.40000, ,1.40000,2.40000,,0.416670,,0, ,6034000022001,Groceries, , ,Standard, ,1032704, 
"Fufu pack of 5", ,4.00000, ,4.00000,5.40000,,0.259260,,0, , ,Groceries, , ,Standard, ,1036883, 
"Fufu 1", ,0.80000, ,0.80000,1.10000,,0.272730,,0, , ,Groceries, , ,Standard, ,1036896, 
"Puregro Golden Sella Basmatti rice 2kg","Puregro Golden Sella Basmatti rice 2kg",3.42000, ,3.42000,4.49000,,0.238310,,0, ,5060331896623,Rice, , ,Standard, ,1037223, 
"Pumpkin leaves", ,1.60000, ,1.60000,2.00000,,0.200000,,0, , ,vegetrables, , ,Standard, ,1043969, 
"Ayoola poundo 900g","Ayoola poundo 900g",2.50000, ,2.50000,3.99000,,0.373430,,0, ,6151100001023,flour, , ,Standard, ,1067496, 
"Semovita 1kg","Semovita 1kg",1.50000, ,1.50000,2.00000,,0.250000,,0, ,6156000051161,flour, , ,Standard, ,1067504, 
"Honeywell whole wheat meal 4.75kg","Honeywell whole wheat meal 4.75kg",7.99000, ,7.99000,9.99000,,0.200200,,0, ,6156000265155,flour, , ,Standard, ,1067544, 
"Honeywell whole wheat meal 1.8kg","Honeywell whole wheat meal 1.8kg",3.00000, ,3.00000,4.99000,,0.398800,,0, ,6156000022536,flour, , ,Standard, ,1067551, 
"Indomie super pack","Indomie super pack",10.99000, ,10.99000,13.99000,,0.214440,,0, , ,noodles, , ,Standard, ,1067577, 
"Peak Milk 900g","Peak Milk 900g",7.92000, ,7.92000,10.99000,,0.279340,,0, ,8716200727730,Beverage, , ,Standard, ,1067600, 
"Puregro Cassava Dough","Puregro Cassava Dough",1.50000, ,1.50000,1.99000,,0.246230,,0, ,5061004297228,Groceries, , ,Standard, ,1067606, 
"Puregro Corn Dough","Puregro Corn Dough",1.49000, ,1.49000,1.99000,,0.251260,,0, ,5061004297402,Groceries, , ,Standard, ,1067614, 
"Puregro Cinnamon Powder 100g","Puregro Cinnamon Powder 100g",0.90000, ,0.90000,1.29000,,0.302330,,0, ,5061004291431,Groceries, , ,Standard, ,1067643, 
"Puregro Golden Sella Basmatti Rice 5kg","Golden Sella Basmatti Rice 5kg",7.50000, ,7.50000,9.49000,,0.209690,,0, ,5060331896630,Rice, , ,Standard, ,1067665, 
"Puregro Roasted Peanut 330g","Puregro Roasted Peanut 330g",2.20000, ,2.20000,2.99000,,0.264210,,0, , ,snacks, , ,Standard, ,1067677, 
"AH Yellow Corn Dough 1kg","AH Yellow Corn Dough 1kg",1.59000, ,1.59000,2.49000,,0.361450,,0, ,5061004299949,Groceries, , ,Standard, ,1067711, 
"Fanta Crate of 24","Fanta Crate of 24",23.00000, ,23.00000,28.99000,,0.206620,,0, , ,Drinks, , ,Standard, ,1067746, 
"Rani Orange crate of 24","Rani crate of 24",10.99000, ,10.99000,14.99000,,0.266840,,0, , ,Drinks, , ,Standard, ,1067791, 
"Rani crate Mango of 24","Rani crate of 24",10.99000, ,10.99000,14.99000,,0.266840,,0, ,6225000592742,Drinks, , ,Standard, ,1067798, 
"Rani 1","Rani 1",0.46000, ,0.46000,0.80000,,0.425000,,0, ,"6225000592759,6225000592742,6225000592773,6225000592711",Drinks, , ,Standard, ,1067808, 
"Iwisa 5kg","Iwisa 5kg",5.50000, ,5.50000,8.50000,,0.352940,,0, ,5025971207192,flour, , ,Standard, ,1067873, 
"Indomie 3pcs", ,0.60000, ,0.60000,1.00000,,0.400000,,0, ,"089686130010,089686130195",noodles, , ,Standard, ,1069986, 
"Amstel Malt", ,10.99000, ,10.99000,13.99000,,0.214440,,0, ,5025866002505,Drinks, , ,Standard, ,1093135, 
"Guineas small stout", ,2.00000, ,2.00000,2.50000,,0.200000,,0, ,5000213012017,Drinks, , ,Standard, ,1094315, 
"Ghana Indomie", ,9.99000, ,9.99000,12.50000,,0.200800,,0, , ,noodles, , ,Standard, ,1152699, 
"Puregro Yam Flour 3.5kg","Yam Flour",7.00000, ,7.00000,8.99000,,0.221360,,0, ,5061004293831,flour, , ,Standard, ,1152972, 
"Yam Flour 1.5kg","Yam Flour 1.5kg",2.25000, ,2.25000,2.99000,,0.247490,,0, ,5060331898382,flour, , ,Standard, ,1153000, 
"frozen Catfish 2.5kg Pack","Catfish 2.5kg Pack",6.50000, ,6.50000,9.99000,,0.349350,,0, ,"5601281002476,7141043776347,9634564021426,7141043778846",Fish, , ,Standard, ,1153091, 
"Mackerel/Titus 5kg Box","Mackerel 5kg Box",21.25000, ,21.25000,27.50000,,0.227270,,0, , ,Fish, , ,Standard, ,1153126, 
"Jack Mackerel/KoteFish","Jack Mackerel/KoteFish",1.60000, ,1.60000,3.50000,,0.542860,,0, , ,Fish, , ,Weighed, ,1153328, 
"Golden Morn 900g","Golden Morn 900g",3.00000, ,3.00000,4.99000,,0.398800,,0, ,"6033000680334,6033000681577,6033000681577,6033000681515",Cereal, , ,Standard, ,1153678, 
"AH frozen Bitter Leaves (Ndole)","AH frozen Bitter Leaves (Ndole)",1.50000, ,1.50000,2.00000,,0.250000,,0, ,3700818907627,vegetrables, , ,Standard, ,1153906, 
Atieke,Atieke,2.00000, ,2.00000,2.70000,,0.259260,,0, ,"3700818911440,632963451287",Grocery, , ,Standard, ,1154083, 
"Pika Bobolo 700g","Pika Bobolo 700g",3.00000, ,3.00000,3.99000,,0.248120,,0, ,5060869733445,Grocery, , ,Standard, ,1154093, 
"Cassava Tubers Peeled","Cassava Tubers Peeled",1.20000, ,1.20000,1.99000,,0.396980,,0, ,5060869733520,Tubers, , ,Standard, ,1154107, 
"Puregro Easy cook rice 10kg", ,9.25000, ,9.25000,10.99000,,0.158330,,0, ,5061004290984,Rice, , ,Standard, ,1155553, 
"Turkey mid wings 10kg", ,33.50000, ,33.50000,41.99000,,0.202190,,0, , ,Frozen, , ,Standard, ,1155659, 
"Smoked turkey 1kg", ,5.56000, ,5.56000,6.99000,,0.204580,,0, ,"420724012131,0741813883472,0741813883472",Frozen, , ,Standard, ,1155684, 
"Smoked turkey wings 5kg", ,22.99000, ,22.99000,29.99000,,0.233410,,0, , ,Frozen, , ,Standard, ,1155692, 
"Frozen hen legs", ,7.10000, ,7.10000,9.99000,,0.289290,,0, , ,Frozen, , ,Standard, ,1157839, 
"Chicken drumsticks", ,3.34000, ,3.34000,4.99000,,0.330660,,0, , ,"Frozen Protein", , ,Standard, ,1157934, 
"Chicken Thigh 3kg", ,7.80000, ,7.80000,10.99000,,0.290260,,0, , ,"Frozen Protein", , ,Standard, ,1158001, 
"Pluvera Whole Hens", ,3.50000, ,3.50000,4.99000,,0.298600,,0, ,"5425004370051,5425004370051,5412453001636,5412453001629","Frozen Protein", , ,Standard, ,1158017, 
"Whole pounded Oat flour", ,3.67000, ,3.67000,4.99000,,0.264530,,0, ,5010026518248,flour, , ,Standard, ,1166352, 
"Jumbo chicken seasoning", ,3.80000, ,3.80000,5.00000,,0.240000,,0, ,"8410300203155,8410300571322,8410300102854,8410300348030",seasoning, , ,Standard, ,1199552, 
"TS Golden Sella Basmati Rice 5kg", ,8.50000, ,8.50000,10.50000,,0.190480,,0, ,5029788164235,Rice, , ,Standard, ,1208256, 
"TS Golden Sella Basmati Rice 10kg", ,16.00000, ,16.00000,19.99000,,0.199600,,0, ,5029788166475,Rice, , ,Standard, ,1208268, 
"TS Golden Sella Basmati Rice 20kg", ,31.99000, ,31.99000,38.99000,,0.179530,,0, ,5029788180990,Rice, , ,Standard, ,1208288, 
Garlic, ,1.80000, ,1.80000,2.80000,,0.357140,,0, ,"5037069000264,3218365486361",spice, , ,Standard, ,1208460, 
Couscous, ,3.50000, ,3.50000,4.99000,,0.298600,,0, ,3223920690121,Rice, , ,Standard, ,1208545, 
"Evaporated Peak milk", ,1.25000, ,1.25000,1.60000,,0.218750,,0, ,8716200680783,Milk, , ,Standard, ,1216267, 
Kulikuli, ,1.50000, ,1.50000,1.99000,,0.246230,,0, ,444366000098,Snack, , ,Standard, ,1217196, 
"Titus Sardine", ,1.10000, ,1.10000,1.50000,,0.266670,,0, ,6111239500026,Fish, , ,Standard, ,1217472, 
"Joymino Soy Drink", ,0.75000, ,0.75000,1.50000,,0.500000,,0, ,"8851028000945,5065022593812",Drinks, , ,Standard, ,1222460, 
"Joymino Soy Drink Pk of 6", ,4.50000, ,4.50000,7.00000,,0.357140,,0, ,8851028000358,Drinks, , ,Standard, ,1222466, 
"AH Shito Extra Hot 350ml", ,4.20000, ,4.20000,5.49000,,0.234970,,0, ,5061069141986,spice, , ,Standard, ,1222470, 
"Pure Heaven Wine", ,2.00000, ,2.00000,2.99000,,0.331100,,0, ,"5032619300009,5032619310008,5032619300009,5032619310060,5032619300023",Drinks, , ,Standard, ,1226503, 
"Maggi Crayfish", ,3.40000, ,3.40000,4.40000,,0.227270,,0, ,6151100033635,seasoning, , ,Standard, ,1226541, 
"Tumeric 300g", ,2.00000, ,2.00000,2.80000,,0.285710,,0, , ,spice, , ,Standard, ,1227617, 
"Nido 1.8Kg","Nido 1.8Kg",16.70000, ,16.70000,21.99000,,0.240560,,0, ,8715000998654,Milk, , ,Standard, ,1230668, 
"Oxford Cabin Biscuit","Oxford Cabin Biscuit",1.50000, ,1.50000,1.99000,,0.246230,,0, ,6154000239008,Snack, , ,Standard, ,1230700, 
"Dunn River Cornmeal Coarse 1.5kg","Cornmeal Coarse 1.5kg",2.60000, ,2.60000,3.99000,,0.348370,,0, ,5012389008046,flour, , ,Standard, ,1230797, 
"Olu Olu Palm Oil 500ml","Olu Olu Palm Oil 500ml",2.50000, ,2.50000,3.50000,,0.285710,,0, ,6006506000654,Oil, , ,Standard, ,1231155, 
"Konkonte Flour 1Kg","Konkonte Flour 1Kg",1.70000, ,1.70000,2.49000,,0.317270,,0, ,5061004294920,flour, , ,Standard, ,1231274, 
Couscous,Couscous,3.50000, ,3.50000,4.50000,,0.222220,,0, , ,Grocery, , ,Standard, ,1232864, 
Couscous,Couscous,3.50000, ,3.50000,4.50000,,0.222220,,0, ,3223920690121,Grocery, , ,Standard, ,1232866, 
Couscous,Couscous,3.50000, ,3.50000,4.50000,,0.222220,,0, ,3223920690121,Grocery, , ,Standard, ,1232867, 
"maggi Liquid Hot","maggi Liquid Hot",1.10000, ,1.10000,1.50000,,0.266670,,0, ,"5900085011180,8715000029716",seasoning, , ,Standard, ,1232874, 
"Cocoyam Fufu","Cocoyam Fufu",3.50000, ,3.50000,4.99000,,0.298600,,0, ,5020580553265, , , ,Standard, ,1232878, 
"Tetmosol Soap Pk of 6","Tetmosol Soap Pk of 6",7.20000, ,7.20000,9.00000,,0.200000,,0, , ,soap, , ,Standard, ,1232883, 
"Kilishi 70g","Kilishi 70g",2.50000, ,2.50000,3.99000,,0.373430,,0, ,"076817395530,3343006594201",Snack, , ,Standard, ,1232885, 
"Blue Band 450g","Blue Band 450g",2.92000, ,2.92000,3.99000,,0.268170,,0, ,"6034000482607,6034000482492",Groceries, , ,Standard, ,1232888, 
"Shea Butter","Shea Butter",4.00000, ,4.00000,5.50000,,0.272730,,0, ,5060110135868,Groceries, , ,Standard, ,1232891, 
"Blueband small","Blueband small",1.47000, ,1.47000,2.30000,,0.360870,,0, ,6034000482584,Groceries, , ,Standard, ,1232898, 
Kaddu,Kaddu,3.20000, ,3.20000,4.00000,,0.200000,,0, , ,vegetrables, , ,Weighed, ,1232899, 
Matoke,Matoke,3.00000, ,3.00000,4.00000,,0.250000,,0, , ,Fruit, , ,Weighed, ,1232901, 
Oziza,Oziza,1.50000, ,1.50000,2.00000,,0.250000,,0, , ,vegetrables, , ,Standard, ,1232902, 
"Curry Leaf","Curry Leaf",1.00000, ,1.00000,1.30000,,0.230770,,0, , ,vegetrables, , ,Standard, ,1232903, 
"Oha Leaf","Oha Leaf",1.70000, ,1.70000,2.00000,,0.150000,,0, , ,vegetrables, , ,Standard, ,1232904, 
Aboniki,Aboniki,0.84000, ,0.84000,1.20000,,0.300000,,0, ,6156000046105,Groceries, , ,Standard, ,1232906, 
"Frozen Peeled Garlic","Frozen Peeled Garlic",2.50000, ,2.50000,3.99000,,0.373430,,0, , ,vegetrables, , ,Standard, ,1232907, 
Eddoes,Cocoyam,3.86000, ,3.86000,4.99000,,0.226450,,0, , ,Tubers, , ,Weighed, ,1232908, 
"Rajah Haloli","Rajah Haloli",2.80000, ,2.80000,3.80000,,0.263160,,0, ,5015821146566,Drinks, , ,Standard, ,1232909, 
okra,okra,5.34000, ,5.34000,7.50000,,0.288000,,0, , ,vegetrables, , ,Weighed, ,1232911, 
"Fenn Greekseed","Fenn Greekseed",1.70000, ,1.70000,2.30000,,0.260870,,0, ,5015821149703,Groceries, , ,Standard, ,1232912, 
"Green Cardamon","Green Cardamon",1.60000, ,1.60000,2.20000,,0.272730,,0, ,f5027906010624,Groceries, , ,Standard, ,1232913, 
"Fried Onion","Fried Onion",1.80000, ,1.80000,2.50000,,0.280000,,0, ,5027906011645,Groceries, , ,Standard, ,1232914, 
"Garam Masala","Garam Masala",1.82000, ,1.82000,2.50000,,0.272000,,0, ,5015821157807,Groceries, , ,Standard, ,1232915, 
"Masrass Curry Powder","Masrass Curry Powder",1.82000, ,1.82000,2.50000,,0.272000,,0, ,5015821145026,spice, , ,Standard, ,1232916, 
"Vegetable Oil 5L","Vegetable Oil 5L",6.80000, ,6.80000,8.99000,,0.243600,,0, ,5013635101443,Oil, , ,Standard, ,1232918, 
"Dudu Osun Pk of 6","Dudu Osun Pk of 6",4.80000, ,4.80000,6.50000,,0.261540,,0, ,6156000043821,soap, , ,Standard, ,1232919, 
"Delta Soap Pk","Delta Soap Pk",9.00000, ,9.00000,11.99000,,0.249370,,0, ,6156000026183,soap, , ,Standard, ,1232920, 
"Supermalt Pk of  12","Supermalt Pk of  12",13.20000, ,13.20000,16.99000,,0.223070,,0, ,5741000164594,Drinks, , ,Standard, ,1232921, 
"Farouz Pk of 24","Farouz Pk of 24",10.49000, ,10.49000,13.99000,,0.250180,,0, ,5025866004424,Drinks, , ,Standard, ,1232922, 
"Moimoi Leave","Moimoi Leave",1.60000, ,1.60000,2.00000,,0.200000,,0, , ,vegetrables, , ,Standard, ,1232924, 
"Ducros 6","Ducros 6",3.00000, ,3.00000,5.00000,,0.400000,,0, ,"3275920039158,3275920039165",spice, , ,Standard, ,1232926, 
"Dunns River Coconut Milk","Dunns River Coconut Milk",1.20000, ,1.20000,1.60000,,0.250000,,0, ,5012389005014,Milk, , ,Standard, ,1232927, 
"Curry goat seasoning","Curry goat seasoning",0.83000, ,0.83000,1.20000,,0.308330,,0, ,5012389673114,seasoning, , ,Standard, ,1232928, 
"Fish Seasoning 100g","Fish Seasoning 100g",0.88000, ,0.88000,1.20000,,0.266670,,0, ,"5012389670120,5061004293718",seasoning, , ,Standard, ,1232929, 
"Fayrouz Pineapple drink","Fayrouz Pineapple drink",0.80000, ,0.80000,1.00000,,0.200000,,0, ,5025866001652,Drinks, , ,Standard, ,1232930, 
"Semovita 5kg","Semovita 5kg",6.99000, ,6.99000,10.99000,,0.363970,,0, ,6156000051147,flour, , ,Standard, ,1232932, 
"Jubilee Sunflower 1Ltr","Jubilee Sunflower 1Ltr",1.50000, ,1.50000,2.10000,,0.285710,,0, ,8906008816204,Oil, , ,Standard, ,1232933, 
"Jubilee Sunflower Oil 5Ltr","Jubilee Sunflower Oil 5Ltr",6.50000, ,6.50000,8.99000,,0.276970,,0, ,"8906008815795,5060110131518",Oil, , ,Standard, ,1232934, 
"TS Sunfloweer Oil","TS Vegitable Oil",6.80000, ,6.80000,8.99000,,0.243600,,0, ,5029788174340,Oil, , ,Standard, ,1232935, 
"Peacock Easy cook Rice 10kg","Peacock Easy cook Rice 10kg",13.95000, ,13.95000,16.99000,,0.178930,,0, ,5010225001466,Rice, , ,Standard, ,1232936, 
"Peacock Easy cook Rice 20kg","Peacock Easy cook Rice 20kg",27.90000, ,27.90000,33.99000,,0.179170,,0, ,5010225001978,Rice, , ,Standard, ,1232937, 
"Amigo Apple/strawberry box of 24","Amigo Apple/strawberry box of 24",10.49000, ,10.49000,13.99000,,0.250180,,0, ,5310364000918,Drinks, , ,Standard, ,1232938, 
Amigo,Amigo,0.38000, ,0.38000,0.60000,,0.366670,,0, ,5319990227256,Drinks, , ,Standard, ,1232939, 
"Badia Basil 23.5g","Badia Basil 23.5g",1.20000, ,1.20000,1.80000,,0.333330,,0, ,033844002152,spice, , ,Standard, ,1232941, 
"Badia Onion Powder","Badia Onion Powder",1.84000, ,1.84000,2.50000,,0.264000,,0, ,033844030087,spice, , ,Standard, ,1232942, 
"Badia Chia Seed","Badia Chia Seed",0.60000, ,0.60000,0.90000,,0.333330,,0, ,033844000455,spice, , ,Standard, ,1232943, 
"Badia Chia Seeds 623.7g","Badia Chia Seeds 623.7g",7.00000, ,7.00000,9.99000,,0.299300,,0, ,033844005078,spice, , ,Standard, ,1232944, 
"Badia Iodized Salt 1.13Kg","Badia Iodized Salt 1.13Kg",2.30000, ,2.30000,2.99000,,0.230770,,0, ,033844005085,Groceries, , ,Standard, ,1232945, 
"Badia Jamaican Style Curry","Badia Jamaican Style Curry",5.10000, ,5.10000,6.99000,,0.270390,,0, ,033844005177,spice, , ,Standard, ,1232946, 
"Badia Minced Onion 113.4g","Badia Minced Onion 113.4g",1.70000, ,1.70000,2.50000,,0.320000,,0, ,033844001933,spice, , ,Standard, ,1232947, 
"Badia Nutmeg Whole","Badia Nutmeg Whole",0.60000, ,0.60000,0.90000,,0.333330,,0, ,033844000318, , , ,Standard, ,1232948, 
"Badia Oregano","Badia Oregano",4.30000, ,4.30000,5.99000,,0.282140,,0, ,033844005399,Tea, , ,Standard, ,1232949, 
"Badia Pink Himalaya Salt","Badia Pink Himalaya Salt",1.46000, ,1.46000,1.99000,,0.266330,,0, ,033844003999,Groceries, , ,Standard, ,1232950, 
"Badia Sea Salt Coarse 1kg","Badia Sea Salt Coarse 1kg",4.00000, ,4.00000,4.99000,,0.198400,,0, ,033844008406,Groceries, , ,Standard, ,1232951, 
"Badia Sorreal (Flor de Jamaican)","Badia Sorreal (Flor de Jamaican)",3.90000, ,3.90000,4.99000,,0.218440,,0, ,033844006440,Groceries, , ,Standard, ,1232952, 
"Badia Vinegar and Sea salt seasoning","Badia Vinegar and Sea salt seasoning",1.80000, ,1.80000,2.99000,,0.397990,,0, ,033844001063,seasoning, , ,Standard, ,1232953, 
"Badia White Pepper ground","Badia White Pepper ground",0.45000, ,0.45000,0.65000,,0.307690,,0, ,033844000264,spice, , ,Standard, ,1232954, 
"Bragg Apple Cider Vinegar","Bragg Apple Cider Vinegar",4.60000, ,4.60000,5.99000,,0.232050,,0, ,074305701160,Groceries, , ,Standard, ,1232955, 
"Lespaon Sardine","Labron Sardine",0.96000, ,0.96000,1.30000,,0.261540,,0, ,6111022102017,Groceries, , ,Standard, ,1232960, 
"DR Hot curry powder 500g", ,4.00000, ,4.00000,5.20000,,0.230770,,0, ,5012389100290,spice, , ,Standard, ,1232972, 
"DR Mild curry powder 500g","DR Caribbean Hot curry powder 500g",4.00000, ,4.00000,5.20000,,0.230770,,0, ,5012389100306,spice, , ,Standard, ,1232973, 
"Peacock Easy cook Rice 5kg","Peacock Easy cook",6.99000, ,6.99000,8.99000,,0.222470,,0, ,5010225002111,Rice, , ,Standard, ,1232978, 
"Peacock Golden Sella Rice 10kg","Peacock Golden Sella Rice 10kg",15.99000, ,15.99000,19.99000,,0.200100,,0, ,5010225001756,Rice, , ,Standard, ,1232979, 
"Cloves whole 40g","Cloves whole 40g",0.85000, ,0.85000,1.19000,,0.285710,,0, ,5060331898528,Groceries, , ,Standard, ,1232980, 
"Puregro Farina (Potato Starch) 4kg","Puregro Farina (Potato Starch) 4kg",7.00000, ,7.00000,8.99000,,0.221360,,0, ,5061004291097,flour, , ,Standard, ,1232981, 
"Puregro Kokonte flour 1kg","Puregro Kokonte flour 1kg",1.70000, ,1.70000,2.49000,,0.317270,,0, ,5061069140200,flour, , ,Standard, ,1232982, 
"Puregro Kokonte 3.5kg","Puregro Kokonte 3.5kg",4.80000, ,4.80000,6.49000,,0.260400,,0, ,5061004294890,flour, , ,Standard, ,1232983, 
"Puregro Linseed Brown 100g","Puregro Linseed Brown 100g",0.60000, ,0.60000,0.80000,,0.250000,,0, ,5061004291615,spice, , ,Standard, ,1232984, 
"Puregro Linseed Brown 300g","Puregro Linseed Brown 300g",1.99000, ,1.99000,2.99000,,0.334450,,0, ,5061004291592,spice, , ,Standard, ,1232985, 
"Puregro Plantain Fufu","Puregro Plantain Fufu",4.60000, ,4.60000,5.99000,,0.232050,,0, ,5061004296108,flour, , ,Standard, ,1232987, 
"Puregro Plantain fufu 4Kg","Puregro Plantain fufu 4Kg",12.00000, ,12.00000,15.99000,,0.249530,,0, ,5061004295361,flour, , ,Standard, ,1232988, 
"Puregro Sorrel Hibiscus 250g","Puregro Sorrel Hibiscus 250g",2.30000, ,2.30000,3.49000,,0.340970,,0, ,5061004293978,Groceries, , ,Standard, ,1232990, 
"Puregro whole green Cardamom 50g","Puregro whole green Cardamom 50g",2.45000, ,2.45000,2.80000,,0.125000,,0, ,5061004291677,spice, , ,Standard, ,1232991, 
Broom,Broom,0.84000, ,0.84000,3.00000,,0.720000,,0, , ,Groceries, , ,Standard, ,1232993, 
"Cocosamba 100ml","Cocosamba 100ml",0.63000, ,0.63000,1.50000,,0.580000,,0, , ,Drinks, , ,Standard, ,1232995, 
"Guinness stout small box of 24","Guinness stout small box of 24",30.00000, ,30.00000,45.99000,,0.347680,,0, , ,Drinks, , ,Standard, ,1233001, 
"Guiness Stout 600ml","Guiness Stout 600ml",2.50000, ,2.50000,3.99000,,0.373430,,0, ,5000213012024,Drinks, , ,Standard, ,1233002, 
"Jekonmo 100ml","Jekonmo 100ml",0.63000, ,0.63000,1.50000,,0.580000,,0, , ,Drinks, , ,Standard, ,1233004, 
"Orijin 750ml","Orijin 750ml",5.30000, ,5.30000,7.99000,,0.336670,,0, , ,Drinks, , ,Standard, ,1233006, 
"Sponge net","Sponge net",0.85000, ,0.85000,1.20000,,0.291670,,0, , ,Groceries, , ,Standard, ,1233007, 
"Trophy 600ml","Trophy 600ml",1.84000, ,1.84000,2.70000,,0.318520,,0, , ,Drinks, , ,Standard, ,1233008, 
"Bitter leaf", ,1.70000, ,1.70000,3.00000,,0.433330,,0, , ,vegetrables, , ,Standard, ,1271012, 
kerala,kerala,3.40000, ,3.40000,4.30000,,0.209300,,0, , , , , ,Weighed, ,1278506, 
corn,corn,0.67000, ,0.67000,1.20000,,0.441670,,0, , ,Grocery, , ,Standard, ,1278515, 
Ginger,Ginger,2.30000, ,2.30000,2.80000,,0.178570,,0, , ,spice, , ,Standard, ,1278919, 
"Plantain 1kg",Plantain,2.08000, ,2.08000,2.80000,,0.257140,,0, , ,Groceries, , ,Weighed, ,1278940, 
Lemon,Lemon,2.86000, ,2.86000,3.90000,,0.266670,,0, , ,Fruit, , ,Weighed, ,1279893, 
Pawpaw/Papaya,Pawpaw/Papaya,4.30000, ,4.30000,5.50000,,0.218180,,0, , , , , ,Standard, ,1279912, 
"Garden egg","Garden egg",7.20000, ,7.20000,9.50000,,0.242110,,0, , ,Fruit, , ,Weighed, ,1280029, 
Kaddu,Kaddu,3.80000, ,3.80000,4.99000,,0.238480,,0, , ,Fruit, , ,Weighed, ,1280067, 
"Cow tail", ,12.00000, ,12.00000,13.00000,,0.076920,,0, ,0741813882857,Frozen, , ,Standard, ,1282287, 
"Cow foot 2kg", ,5.99000, ,5.99000,6.99000,,0.143060,,0, , , , , ,Standard, ,1295748, 
Bag, ,0.65000, ,0.65000,0.65000,,0.000000,,0, ,20279097, , , ,Standard, ,1301851, 
"Ayoola Pounded Yam 4.5kg","Ayoola Pounded Yam 4.5kg",13.00000, ,13.00000,16.99000,,0.234840,,0, ,6151100001191,flour, , ,Standard, ,1321859, 
"indomie Peppersoup","indomie Peppersoup",7.99000, ,7.99000,9.99000,,0.200200,,0, , ,noodles, , ,Standard, ,1334900, 
"Chana Masala 100g","Chana Masala 100g",1.00000, ,1.00000,1.50000,,0.333330,,0, ,8902167000089,spice, , ,Standard, ,1334984, 
"Maggi Star 400g (3)", ,3.30000, ,3.30000,5.00000,,0.340000,,0, ,6151100037817,seasoning, , ,Standard, ,1335572, 
"Chicken Masala Powder","Chicken Masala Powder",1.00000, ,1.00000,1.50000,,0.333330,,0, ,8902167000218,spice, , ,Standard, ,1335952, 
"Coriander Powder 100g","Coriander Powder 100g",0.50000, ,0.50000,0.79000,,0.367090,,0, ,5061004298652,spice, , ,Standard, ,1336097, 
"Garam Masala 100g","Garam Masala 100g",1.00000, ,1.00000,1.50000,,0.333330,,0, ,8902167000126,spice, , ,Standard, ,1336111, 
"Kasori Methi  100g","Kasori Methi  100g",1.20000, ,1.20000,1.60000,,0.250000,,0, ,8902167009938,spice, , ,Standard, ,1336122, 
"Puregro Cassava flour 3.5kg","Puregro Cassava flour 3.5kg",4.80000, ,4.80000,6.49000,,0.260400,,0, ,5061004294876,flour, , ,Standard, ,1337791, 
"Cinnamon Sticks 150g","Cinnamon Sticks 150g",2.30000, ,2.30000,3.39000,,0.321530,,0, ,5060331890928,spice, , ,Standard, ,1337806, 
"Cinnamon Sticks 60g","Cinnamon Sticks 60g",1.05000, ,1.05000,1.69000,,0.378700,,0, ,5060331890911,spice, , ,Standard, ,1337884, 
"Supermalt pack of 6", ,4.50000, ,4.50000,6.00000,,0.250000,,0, ,"5741000472309,5741000156650",Drinks, , ,Standard, ,1341200, 
"Supermalt pack of 24", ,17.99000, ,17.99000,22.99000,,0.217490,,0, , ,Drinks, , ,Standard, ,1341207, 
"Supermalt 330ml (12)", ,10.00000, ,10.00000,12.99000,,0.230180,,0, ,5741000164594,Drinks, , ,Standard, ,1341227, 
Supermalt, ,0.84000, ,0.84000,1.20000,,0.300000,,0, ,"5741000134573,5741000132869",Drinks, , ,Standard, ,1341241, 
"Ghana fresh  palm soup 400g","Ghana fresh  palm soup 400g",2.10000, ,2.10000,2.99000,,0.297660,,0, ,"6034000296686,647458031073",Grocery, , ,Standard, ,1341280, 
"Pepsi 250ml","Pepsi 250ml",0.59000, ,0.59000,0.80000,,0.262500,,0, , ,Drinks, , ,Standard, ,1341465, 
Mirinda,Mirinda,0.59000, ,0.59000,1.00000,,0.410000,,0, ,"012000802805,012000804144,012000045271",Drinks, , ,Standard, ,1341883, 
"Sour soup Tea","Sour soup Tea",2.70000, ,2.70000,4.99000,,0.458920,,0, ,5065013887197,Tea, , ,Standard, ,1348202, 
Ugu, ,1.40000, ,1.40000,2.00000,,0.300000,,0, , ,vegetrables, , ,Standard, ,1361417, 
"Peanut paste 500g","Peanut paste 500g",3.07000, ,3.07000,3.99000,,0.230580,,0, ,5060110133635,Grocery, , ,Standard, ,1361431, 
"Catfish cutlet 300g", ,8.00000, ,8.00000,10.99000,,0.272070,,0, , ,Fish, , ,Standard, ,1362763, 
"AH Panla Fish Whole 300g", ,7.20000, ,7.20000,9.99000,,0.279280,,0, , ,Fish, , ,Standard, ,1362789, 
"Jolly Chicken 1kg", ,1.99000, ,1.99000,2.99000,,0.334450,,0, , ,"Frozen Protein", , ,Standard, ,1403871, 
"Dark Red Kidney Beans 1.5kg","Dark Red Kidney Beans 1.5kg",3.00000, ,3.00000,3.99000,,0.248120,,0, ,5061004299710,Beans, , ,Standard, ,1442655, 
"Kala Chana 1.5kg","Kala Chana 1.5kg",2.20000, ,2.20000,2.99000,,0.264210,,0, ,5061004290496,Groceries, , ,Standard, ,1442683, 
"Puregro Moringa Tea 40g","Moringa Tea 40g",1.20000, ,1.20000,1.79000,,0.329610,,0, ,5061004295897,Tea, , ,Standard, ,1442689, 
"Pink Peanut Jumbo","Pink Peanut Jumbo",1.20000, ,1.20000,1.59000,,0.245280,,0, ,5060331899617,Grocery, , ,Standard, ,1442906, 
"Red Split Lentils","Red Split Lentils",2.00000, ,2.00000,2.99000,,0.331100,,0, ,5061004292971,Grocery, , ,Standard, ,1442915, 
"Rice Flour 1.5Kg","Rice Flour 1.5Kg",2.00000, ,2.00000,2.69000,,0.256510,,0, ,5061004298430,flour, , ,Standard, ,1442934, 
"Rice Flour 4kg","Rice Flour 4kg",4.80000, ,4.80000,6.49000,,0.260400,,0, ,"5061004298096,5061004298492",flour, , ,Standard, ,1442940, 
"Puregro Sorrel & Ginger Tea 40g","Sorrel & Ginger Tea 40g",1.42000, ,1.42000,1.79000,,0.206700,,0, ,5061004293275,Tea, , ,Standard, ,1442988, 
"Urid Dal 1.5Kg","Urid Dal 1.5Kg",3.25000, ,3.25000,4.39000,,0.259680,,0, ,5061004296412,Tea, , ,Standard, ,1443013, 
"7Up pack of 24","7Up pack of 24",13.99000, ,13.99000,17.99000,,0.222350,,0, , ,Drinks, , ,Standard, ,1443024, 
"Malta guineas 3 cans", ,1.65000, ,1.65000,2.50000,,0.340000,,0, ,"5010162000164,5025866000181,5449000268686,5449000064110,5000213018255",Drinks, , ,Standard, ,1443992, 
"Pan orange pack", ,2.30000, ,2.30000,3.20000,,0.281250,,0, ,"5010162000164,739907002069,7591002000547",flour, , ,Standard, ,1443997, 
"Oloyin beans 20kg", ,46.00000, ,46.00000,56.00000,,0.178570,,0, , ,Beans, , ,Standard, ,1479240, 
"Ijebu Gari 20kg", ,16.34000, ,16.34000,24.00000,,0.319170,,0, , ,Garri, , ,Standard, ,1479258, 
"Amigo Pk of 8","Amigo Pk of 8",2.70000, ,2.70000,3.99000,,0.323310,,0, ,"5319990227270,5319990227393",Drinks, , ,Standard, ,1535989, 
"Boom Shack-Lak Chipotle","Boom Shack-Lak Chipotle",2.25000, ,2.25000,2.99000,,0.247490,,0, ,"5061028340931,5061028340955",spice, , ,Standard, ,1538650, 
"Grandious Pap Yellow 500g","Grandious Pap Yellow 500g",1.70000, ,1.70000,2.70000,,0.370370,,0, ,718117784699,Beverage, , ,Standard, ,1611170, 
"Kurkure Chili Chakata 68g","Kurkure Chili Chakata 68g",0.34000, ,0.34000,0.50000,,0.320000,,0, ,8901491100533,snacks, , ,Standard, ,1611242, 
"Chili Kurture 72g","Chili Kurture 72g",0.40000, ,0.40000,0.55000,,0.272730,,0, ,8901491103084,snacks, , ,Standard, ,1611252, 
"Kurture  Green Chutney 68g","Kurture  Green Chutney 68g",0.34000, ,0.34000,0.50000,,0.320000,,0, ,8901491100533,snacks, , ,Standard, ,1611263, 
"Kurture Munch Masala 75g","Kurture Munch Masala 75g",0.34000, ,0.34000,0.50000,,0.320000,,0, ,8901491100519,snacks, , ,Standard, ,1611284, 
"Olu Olu Poundo 8kg","Olu Olu Poundo 8kg",22.99000, ,22.99000,28.99000,,0.206970,,0, ,5030666000224,flour, , ,Standard, ,1611312, 
"Olu Olu Poundo 4kg","Olu Olu Poundo 4kg",13.50000, ,13.50000,16.99000,,0.205410,,0, ,5030666000217,flour, , ,Standard, ,1611330, 
"Honey Beans 20kg","Honey Beans 20kg",34.00000, ,34.00000,48.00000,,0.291670,,0, , ,Beans, , ,Standard, ,1611386, 
"Puregro Ghana Gari 3.5Kg","Ghana Gari 3.5Kg",5.25000, ,5.25000,6.99000,,0.248930,,0, ,"5061004298331,5061004298331,5056876202258",Garri, , ,Standard, ,1611420, 
"Milo Refill 800g","Milo Refill 800g",6.70000, ,6.70000,8.99000,,0.254730,,0, ,6033000683151,beaverage, , ,Standard, ,1611447, 
"Maaza 200ml","Maaza 200ml",0.44000, ,0.44000,0.70000,,0.371430,,0, ,8901764092824,Drinks, , ,Standard, ,1611479, 
"Maaza Tetra 125ml","Maaza Tetra 125ml",0.31000, ,0.31000,0.50000,,0.380000,,0, , ,Drinks, , ,Standard, ,1611490, 
"Ducros 20g","Ducros 20g",0.50000, ,0.50000,1.00000,,0.500000,,0, ,"3275920039158,3275920039165",spice, , ,Standard, ,1611626, 
"Olu Olu Plantain Chips yellow","Olu Olu Plantain Chips",15.99000, ,15.99000,19.99000,,0.200100,,0, , ,snacks, , ,Standard, ,1611680, 
"All Purpose Seasoning 300g","All Purpose Seasoning 300g",1.38000, ,1.38000,1.99000,,0.306530,,0, ,5060331890034,seasoning, , ,Standard, ,1611688, 
"Puregro Aromatic Basmati Rice 10Kg","Puregro Aromatic Basmati Rice 10Kg",14.50000, ,14.50000,16.99000,,0.146560,,0, ,8906049094210,Rice, , ,Standard, ,1611702, 
"Barbeque Seasoning 100g","Barbeque Seasoning 100g",0.58000, ,0.58000,0.79000,,0.265820,,0, ,5061004290946,seasoning, , ,Standard, ,1611710, 
"Puregro Chicken Seasoning 100g","Puregro Chicken Seasoning 100g",0.58000, ,0.58000,0.79000,,0.265820,,0, ,5060331899914,seasoning, , ,Standard, ,1611762, 
"Chili and Lemon Seasoning 100g","Chili and Lemon Seasoning 100g",0.63000, ,0.63000,0.89000,,0.292130,,0, , ,seasoning, , ,Standard, ,1611796, 
"Chili and Lemon Seasoning 100g","Chili and Lemon Seasoning 100g",0.63000, ,0.63000,0.89000,,0.292130,,0, ,5061004293671,seasoning, , ,Standard, ,1611814, 
"Honey Beans 1.5kg","Honey Beans 1.5kg",4.34000, ,4.34000,5.99000,,0.275460,,0, ,"5061004298850,5056876202371",Beans, , ,Standard, ,1611850, 
"Jerk Seasoning 100g","Jerk Seasoning 100g",0.70000, ,0.70000,0.89000,,0.213480,,0, ,5060331890232,seasoning, , ,Standard, ,1611861, 
"Puregro Pounded Yam 4kg","Puregro Pounded Yam 4kg",10.60000, ,10.60000,13.99000,,0.242320,,0, ,5060331897804,flour, , ,Standard, ,1611896, 
"Indomie Onion Pk","Indomie Onion Pk",7.99000, ,7.99000,9.99000,,0.200200,,0, , ,noodles, , ,Standard, ,1612102, 
"Yam 1kg","Yam 1kg",2.27000, ,2.27000,3.50000,,0.351430,,0, , ,Tubers, , ,Weighed, ,1612241, 
"Ghana taste Peanut Butter","Ghana taste Peanut Butter",2.20000, ,2.20000,2.99000,,0.264210,,0, ,5020580562366,Grocery, , ,Standard, ,1612455, 
"Hot Pepper/Rodo","Hot Pepper",6.29000, ,6.29000,9.00000,,0.301110,,0, , ,spice, , ,Weighed, ,1612476, 
"Sweet Potatoes 1kg","Sweet Potatoes 1kg",3.81000, ,3.81000,4.99000,,0.236470,,0, , ,Plantain, , ,Weighed, ,1612495, 
"Yellow Croaker 3kg","Yellow Croaker 3kg",12.75000, ,12.75000,15.99000,,0.202630,,0, ,5025728009437,Fish, , ,Standard, ,1612615, 
"Red Fish","Red Fish",3.72000, ,3.72000,5.99000,,0.378960,,0, , ,Fish, , ,Weighed, ,1612660, 
"Red Snapper","Red Snapper",4.00000, ,4.00000,5.99000,,0.332220,,0, , ,Fish, , ,Weighed, ,1612751, 
"Mirgal  Myan","Mirgal  Myan",4.00000, ,4.00000,5.99000,,0.332220,,0, , ,Fish, , ,Standard, ,1612822, 
"Rohu Myanmar","Rohu Myanmar",3.00000, ,3.00000,4.20000,,0.285710,,0, , ,Fish, , ,Standard, ,1612829, 
"Boal BD","Boal BD",6.50000, ,6.50000,8.99000,,0.276970,,0, , ,Fish, , ,Standard, ,1612836, 
"Ayr BD","Ayr BD",8.50000, ,8.50000,11.99000,,0.291080,,0, , ,Fish, , ,Standard, ,1612844, 
"Dathi Fish","Dathi Fish",4.00000, ,4.00000,5.99000,,0.332220,,0, , ,Fish, , ,Weighed, ,1612878, 
"Sprats Fish","Spratsi Fish",3.00000, ,3.00000,5.99000,,0.499170,,0, , ,Fish, , ,Weighed, ,1612892, 
"Hake Fish","Hake Fish",3.75000, ,3.75000,5.99000,,0.373960,,0, , ,Fish, , ,Weighed, ,1612981, 
"Iwisa 10kg","Iwisa 10kg",10.99000, ,10.99000,15.99000,,0.312700,,0, ,5025971207215,flour, , ,Standard, ,1613236, 
"Red Bull","Red Bull",0.91000, ,0.91000,1.20000,,0.241670,,0, ,90162602,Drinks, , ,Standard, ,1660987, 
"TS Tamarind Drink","Tamarind Drink",1.10000, ,1.10000,1.50000,,0.266670,,0, ,5029788199497,Drinks, , ,Standard, ,1660997, 
<,<,0.00000, ,0.00000,0.00000,,0.000000,,0, , , , , ,Standard, ,1661008, 
"Green Chili","Green Chili",3.75000, ,3.75000,5.00000,,0.250000,,0, , ,Peppers, , ,Weighed, ,1663986, 
"Bitter cola","Bitter cola",3.00000, ,3.00000,5.00000,,0.400000,,0, ,2920,snacks, , ,Standard, ,1724617, 
Mazoe,Mazoe,4.35000, ,4.35000,6.99000,,0.377680,,0, ,"5449000243867,5449000095572,5449000011510,5449000062994",Drinks, , ,Standard, ,1724949, 
"Meat pie 3","Meat pie 3",3.90000, ,3.90000,5.00000,,0.220000,,0, , , , , ,Standard, ,1762339, 
Meatpie,Meatpie,1.30000, ,1.30000,2.00000,,0.350000,,0, , , , , ,Standard, ,1762356, 
"Dry Pomo Ijebu 500g","Pomo Ijebu 500g",3.60000, ,3.60000,5.00000,,0.280000,,0, ,44511726357, , , ,Standard, ,1804816, 
"Chicken feet","Chicken feet",2.90000, ,2.90000,3.99000,,0.273180,,0, ,4750303020798,"Frozen Protein", , ,Standard, ,1812403, 
"Yellow Gari 1.5kg","Yellow Gari 1.5kg",2.70000, ,2.70000,3.49000,,0.226360,,0, ,"5061004296252,5060601508058",Garri, , ,Standard, ,1840739, 
Zobo,Zobo,3.33000, ,3.33000,3.99000,,0.165410,,0, , ,Drinks, , ,Standard, ,1845645, 
Kadoo,Kadoo,4.83000, ,4.83000,5.99000,,0.193660,,0, , ,spice, , ,Weighed, ,1880152, 
Kerela,Kerela,4.00000, ,4.00000,5.80000,,0.310340,,0, , ,spice, , ,Weighed, ,1880198, 
"frozen minced Okra","frozen minced Okra",1.75000, ,1.75000,2.50000,,0.300000,,0, ,8125675626576,Grocery, , ,Standard, ,1880490, 
"Frozen Scotch bonnet","Frozen Scotch bonnet",2.60000, ,2.60000,2.99000,,0.130430,,0, , ,Peppers, , ,Standard, ,1880608, 
"Molokhia ewedu(Frozen)","Molokhia ewedu(Frozen)",1.00000, ,1.00000,1.50000,,0.333330,,0, ,3760046821041,vegetrables, , ,Standard, ,1880644, 
"Miondo Cassava Sticks","Miondo Cassava Sticks",2.20000, ,2.20000,2.99000,,0.264210,,0, , ,Groceries, , ,Standard, ,1880712, 
"Baracuda 1kg","Baracuda 1kg",3.50000, ,3.50000,4.70000,,0.255320,,0, , ,Fish, , ,Weighed, ,1880845, 
"Baracuda Steak 1kg","Baracuda Steak 1kg",4.50000, ,4.50000,5.99000,,0.248750,,0, ,787099233914,Fish, , ,Standard, ,1880915, 
"Small Sprat 1kg","Small Sprat 1kg",4.00000, ,4.00000,5.99000,,0.332220,,0, , ,Fish, , ,Standard, ,1881069, 
"Turkey Gizzard","Turkey Gizzard",3.50000, ,3.50000,4.99000,,0.298600,,0, ,44512737362,"Frozen Protein", , ,Standard, ,1881445, 
"Badia Sea Salt 269g","Badia Sea Salt 269g",1.40000, ,1.40000,1.99000,,0.296480,,0, ,033844004347,spice, , ,Standard, ,1881953, 
"Frozen okra","Frozen okra",0.90000, ,0.90000,1.50000,,0.400000,,0, ,8125675626576,Groceries, , ,Standard, ,1897803, 
"Derica 210g","Derica 210g",0.92000, ,0.92000,1.30000,,0.292310,,0, ,8055510221584,spice, , ,Standard, ,1987367, 
"Orijin 200ml 2","Orijin 200ml 2",3.40000, ,3.40000,6.50000,,0.476920,,0, ,5010103933599,Drinks, , ,Standard, ,2016137, 
"Orijin Bitters 1","Orijin Bitters 1",1.70000, ,1.70000,3.50000,,0.514290,,0, ,5010103933599,Drinks, , ,Standard, ,2016146, 
"Alomo Bitters 2","Alomo Bitters 2",3.50000, ,3.50000,5.00000,,0.300000,,0, ,6033000342577, , , ,Standard, ,2016164, 
"Alomo BItters","Alomo BItters",1.75000, ,1.75000,2.99000,,0.414720,,0, ,6033000342577,Drinks, , ,Standard, ,2016561, 
Snail,Snail,13.00000, ,13.00000,18.99000,,0.315430,,0, ,"9632220008880,9222655706651","Frozen Protein", , ,Standard, ,2018397, 
"Mamas Choice Plantain fufu 4kg","Mamas Choice Plantain fufu 4kg",23.75000, ,23.75000,29.99000,,0.208070,,0, ,854141000081,flour, , ,Standard, ,2019056, 
"Vita malt Classic Pack of 6","Vita malt Classic Pack of 6",5.40000, ,5.40000,7.50000,,0.280000,,0, ,"737297000184,737297000092",Drinks, , ,Standard, ,2032324, 
Vitamalt,Vitamalt,1.10000, ,1.10000,1.50000,,0.266670,,0, ,"5741000002315,5741000004609",Drinks, , ,Standard, ,2032473, 
"Supermalt  330ml Pack of 12","Supermalt  330ml Pack of 12",10.20000, ,10.20000,12.99000,,0.214780,,0, ,5741000232590,Drinks, , ,Standard, ,2032687, 
"Bama 3885ml","Bama 3885ml",3.45000, ,3.45000,4.80000,,0.281250,,0, ,8410300367680,Grocery, , ,Standard, ,2033601, 
"Limca Can","Limca Can",0.50000, ,0.50000,0.80000,,0.375000,,0, ,8901764051258,Drinks, , ,Standard, ,2035313, 
"Frozen Ugu Leaves 500g","Frozen Ugu Leaves 500g",2.23000, ,2.23000,2.90000,,0.231030,,0, ,5061069142327,vegetrables, , ,Standard, ,2036662, 
"Twisted Spaghetti","Twisted Spaghetti",1.10000, ,1.10000,1.50000,,0.266670,,0, ,6156000032290,Grocery, , ,Standard, ,2037818, 
"Tomatoes Box 5kg","Tomatoes Box",7.91000, ,7.91000,10.50000,,0.246670,,0, , ,vegetrables, , ,Standard, ,2056518, 
"Rodo/Hot Pepper Box 3.5kg","Rodo/Hot Pepper Box 3kg",25.30000, ,25.30000,32.99000,,0.233100,,0, , ,spice, , ,Standard, ,2056558, 
"Dunns River Black eye beans 400g","Dunns River Black eye beans 400g",0.63000, ,0.63000,0.79000,,0.202530,,0, ,5012389674623,Beans, , ,Standard, ,2056688, 
"Dunns River Butter Beans 400g","Dunns River Butter Beans 400g",0.70000, ,0.70000,0.79000,,0.113920,,0, ,5012389673992,Beans, , ,Standard, ,2056704, 
"DR Dried Thyme 200g","DR Dried Thyme 200g",3.83000, ,3.83000,4.99000,,0.232460,,0, ,5012389674678,spice, , ,Standard, ,2056728, 
"Encona Jamacan Jerk BBQ sauce 220ml","Encona Jamacan Jerk BBQ sauce 220ml",1.20000, ,1.20000,1.70000,,0.294120,,0, ,50761166,spice, , ,Standard, ,2056753, 
"Encona Hot Pepper Sauce","Encona Hot Pepper Sauce",1.50000, ,1.50000,1.99000,,0.246230,,0, ,5012389672780,spice, , ,Standard, ,2056780, 
"Encona Thai Chilli Sauce 142ml","Encona Thai Chilli Sauce 142ml",1.00000, ,1.00000,1.70000,,0.411760,,0, ,50761166,spice, , ,Standard, ,2056801, 
"Honeywell Semolina 1.8kg","Semolina 2kg",2.60000, ,2.60000,3.99000,,0.348370,,0, ,6156000022512,flour, , ,Standard, ,2057000, 
"Maggi Masala Noodles","Maggi Masala Noodles",0.16000, ,0.16000,0.25000,,0.360000,,0, ,8901058014235,noodles, , ,Standard, ,2057042, 
"Onga Classic 40g","Onga Classic 40g",0.34000, ,0.34000,0.60000,,0.433330,,0, ,6008155014167,spice, , ,Standard, ,2057134, 
"Ajinomoto 2","Ajinomoto 2",0.20000, ,0.20000,1.00000,,0.800000,,0, ,6156000071817, , , ,Standard, ,2067669, 
"Benny 3","Benny 3",0.58200, ,0.58200,1.00000,,0.418000,,0, ,"6009633520002,6009522309213,6009633520033", , , ,Standard, ,2067744, 
"Assorted mixed meat","Assorted mixed meat",4.84000, ,4.84000,6.99000,,0.307580,,0, ,0741813883229,"Frozen Protein", , ,Standard, ,2083305, 
"AH Periwinkle","AH Periwinkle",5.70000, ,5.70000,7.99000,,0.286610,,0, ,"632963452635,5061069145137","Frozen Protein", , ,Standard, ,2083315, 
"Shito 160g","Shito 160g",2.50000, ,2.50000,3.49000,,0.283670,,0, ,5061069144697,spice, , ,Standard, ,2099277, 
"RG Shito Mild sauce 160ml","RG Shito Mild sauce 160ml",2.00000, ,2.00000,3.49000,,0.426930,,0, ,5060645751489,spice, , ,Standard, ,2099283, 
Popcorn,Popcorn,2.00000, ,2.00000,2.99000,,0.331100,,0, ,5061099011457,Beans, , ,Standard, ,2099342, 
Pawpaw,Pawpaw,4.20000, ,4.20000,6.00000,,0.300000,,0, , ,Grocery, , ,Standard, ,2099387, 
"Chicken 10kg","Chicken 10kg",18.00000, ,18.00000,20.99000,,0.142450,,0, , ,"Frozen Protein", , ,Standard, ,2136049, 
"Grounded Egusi 200g","Egusi 200g",2.10000, ,2.10000,2.99000,,0.297660,,0, ,"1385454815660,5061069141399",Grocery, , ,Standard, ,2150722, 
"Dried Shrimp","Dried Shrimp",3.50000, ,3.50000,4.29000,,0.184150,,0, ,6934487743379,Fish, , ,Standard, ,2206399, 
"Shrimps peeled","Shrimps peeled",2.00000, ,2.00000,2.99000,,0.331100,,0, ,787099234393,Groceries, , ,Standard, ,2206429, 
"Shrimps peeled","Shrimps peeled",2.00000, ,2.00000,2.99000,,0.331100,,0, ,787099234393,Groceries, , ,Standard, ,2233477, 
"Goat meat with skin 1kg","Goat meat with skin 1kg",13.75000, ,13.75000,20.99000,,0.344930,,0, ,42072363637,"Frozen Protein", , ,Standard, ,2233485, 
"Kitchen Glory roll of 10","Kitchen Glory roll of 10",1.00000, ,1.00000,2.50000,,0.600000,,0, ,8804155502042,seasoning, , ,Standard, ,2277135, 
"Grace Mighty Malt","Grace Mighty Malt",0.91000, ,0.91000,1.50000,,0.393330,,0, ,5035139213569,Drinks, , ,Standard, ,2277137, 
"Onga Classic 8g","Onga Classic 8g",0.07000, ,0.07000,0.15000,,0.533330,,0, ,6008155014167,seasoning, , ,Standard, ,2277142, 
"Onga Stew 40g","Onga Stew 40g",0.07000, ,0.07000,0.20000,,0.650000,,0, ,6008155010169,seasoning, , ,Standard, ,2277144, 
"Chilli Powder 100g","Chilli Powder 100g",0.65000, ,0.65000,0.89000,,0.269660,,0, ,5061004299123,spice, , ,Standard, ,2277149, 
"Curry Powder Hot/Mild 100g","Curry Powder Hot/Mild 100g",0.60000, ,0.60000,0.89000,,0.325840,,0, ,"5060331890140,5060331897897",spice, , ,Standard, ,2277151, 
"Lemon Pepper 100g","Lemon Pepper 100g",0.90000, ,0.90000,1.29000,,0.302330,,0, ,5060331899891,spice, , ,Standard, ,2277157, 
"Pimento Ground","Pimento Ground",1.20000, ,1.20000,1.50000,,0.200000,,0, ,5060331898078,spice, , ,Standard, ,2277162, 
"Crushed Chili 100g","Crushed Chili 100g",0.83000, ,0.83000,1.29000,,0.356590,,0, ,5060331891246,spice, , ,Standard, ,2284327, 
"Puregro Ghana gari 1.5kg","Ghana gari 1.5kg",2.42000, ,2.42000,3.29000,,0.264440,,0, ,"5061004296382,5056876202272",Garri, , ,Standard, ,2284354, 
"Puregro Golden Basmati 20kg","Puregro Golden Basmati 20kg",29.99000, ,29.99000,34.99000,,0.142900,,0, ,5060331896654,Rice, , ,Standard, ,2284388, 
"Titus/Mackerel Fish","Titus/Mackerel Fish",4.41000, ,4.41000,6.00000,,0.265000,,0, , ,Fish, , ,Weighed, ,2284717, 
"Olu Olu Palm Oil 2Kg","Olu Olu Palm Oil 2Kg",7.50000, ,7.50000,9.99000,,0.249250,,0, ,6006506000869,Oil, , ,Standard, ,2284739, 
"Olu Olu Pam oil 1Ltr","Olu Olu Pam oil 1Ltr",4.00000, ,4.00000,5.50000,,0.272730,,0, ,6006506000777,Oil, , ,Standard, ,2322972, 
"Olu Olu Palmoil 4Ltr","Olu Olu Palmoil 4Ltr",13.33000, ,13.33000,17.99000,,0.259030,,0, ,6006506000951,Oil, , ,Standard, ,2322976, 
Cerevita,Cerevita,5.50000, ,5.50000,6.99000,,0.213160,,0, ,"6161107792145,6161107792367,6161106963997",Cereal, , ,Standard, ,2323001, 
"Maputi pk of 20","Maputi pk of 20",6.00000, ,6.00000,7.99000,,0.249060,,0, ,720310612051,Snack, , ,Standard, ,2323006, 
"Cooked Rice","Cooked Rice",4.80000, ,4.80000,5.50000,,0.127270,,0, , , , , ,Standard, ,2360518, 
"Ayer  Fish","Ayer  Fish",7.50000, ,7.50000,8.99000,,0.165740,,0, , ,Fish, , ,Weighed, ,2434787, 
"Crabs Blue 700g","Crabs Blue 700g",4.20000, ,4.20000,5.99000,,0.298830,,0, ,"5064922991261,5038167001832,2218471562493,694495500673",Fish, , ,Standard, ,2437157, 
"Pabda 500g","Pabda 500g",4.00000, ,4.00000,4.99000,,0.198400,,0, ,5010426305219,Fish, , ,Standard, ,2438359, 
"Tengra 500g","Tengra 500g",4.50000, ,4.50000,5.99000,,0.248750,,0, , ,Fish, , ,Standard, ,2438381, 
Koi,Koi,2.50000, ,2.50000,3.50000,,0.285710,,0, ,8125685625866,Fish, , ,Standard, ,2438394, 
"Magur Desi 500g","Magur Desi 500g",2.50000, ,2.50000,3.50000,,0.285710,,0, ,8125685625873,Fish, , ,Standard, ,2438408, 
"Keski Block 300g","Keski Block 300g",1.40000, ,1.40000,2.50000,,0.440000,,0, ,8125675625517,Fish, , ,Standard, ,2438446, 
"Desi Puti Block","Desi Puti Block",1.35000, ,1.35000,2.50000,,0.460000,,0, , ,Fish, , ,Standard, ,2439298, 
"Baspata Block 300g","Baspata Block 300g",2.25000, ,2.25000,3.50000,,0.357140,,0, ,8000675625210,Fish, , ,Standard, ,2439376, 
"Chilapata 300g","Chilapata 300g",2.25000, ,2.25000,3.50000,,0.357140,,0, ,8125675625760,Fish, , ,Standard, ,2439391, 
"De Rica Double Concentrate Tomato Paste 210g (Box of 24)","De Rica Double Concentrate Tomato Paste 210g (Box of 24)",0.96000, ,0.96000,1.27000,,0.244090,,0, , ,Grocery, , ,Standard, ,2470445, 
"De Rica Double Concentrate Tomato Paste 400g (Box of 24)","De Rica Double Concentrate Tomato Paste 400g (Box of 24)",1.33000, ,1.33000,1.73000,,0.231210,,0, , ,Grocery, , ,Standard, ,2470446, 
"Puregro Gold Instant Ginger Tea 360g","Puregro Gold Instant Ginger Tea 360g",2.09000, ,2.09000,2.99000,,0.301000,,0, ,5061004299420,Tea, , ,Standard, ,2470476, 
"Sky ALM 200ml (pack of 24)","Sky ALM 200ml (pack of 24)",2.00000, ,2.00000,2.60000,,0.230770,,0, , ,Drinks, , ,Standard, ,2500557, 
"Sky C/G (Pack of 24)","Sky C/G (Pack of 24)",0.75000, ,0.75000,0.98000,,0.234690,,0, , ,seasoning, , ,Standard, ,2500558, 
"Sky Cubes CHK Green (48x8g)","Sky Cubes CHK Green (48x8g)",2.00000, ,2.00000,2.60000,,0.230770,,0, , ,seasoning, , ,Standard, ,2500559, 
"Sky Mrnd 250ml (Pack of )","Sky Mrnd 250ml (Pack of )",0.58000, ,0.58000,0.75000,,0.226670,,0, , ,Drinks, , ,Standard, ,2500560, 
"Sky  GMC (Box 0f 24)","Sky  GMC (Box 0f 24)",0.46000, ,0.46000,0.60000,,0.233330,,0, , ,Beverage, , ,Standard, ,2500573, 
"Puregro Easy Cook Rice 2kg PM","Puregro Easy Cook Rice 2kg PM",2.09000, ,2.09000,2.69000,,0.223050,,0, ,5061004291004,Rice, , ,Standard, ,2500582, 
"Puregro Cinnamon Tea 40g PM","Puregro Cinnamon Tea 40g PM",1.17000, ,1.17000,1.79000,,0.346370,,0, ,5061004295873,Tea, , ,Standard, ,2500586, 
"Puregro Hausa Koko 1kg PM","Puregro Hausa Koko 1kg PM",3.58000, ,3.58000,4.99000,,0.282570,,0, ,5061004299017,Beverage, , ,Standard, ,2500587, 
"Puregro Lemongrass Tea 40g PM","Puregro Lemongrass Tea 40g PM",1.17000, ,1.17000,1.79000,,0.346370,,0, ,5061004295910,Tea, , ,Standard, ,2500588, 
"Puregro Peppermint Tea 40g PM","Puregro Peppermint Tea 40g PM",1.17000, ,1.17000,1.79000,,0.346370,,0, ,5061004295842,Tea, , ,Standard, ,2500589, 
"Puregro Pimento (All spice) Whole","Puregro Pimento (All spice) Whole",1.10000, ,1.10000,1.69000,,0.349110,,0, ,5060331898078, , , ,Standard, ,2500592, 
"Puregro Popcorn kernels 2kg","Puregro Popcorn kernels 2kg",3.70000, ,3.70000,5.00000,,0.260000,,0, ,5061004299635,snacks, , ,Standard, ,2500593, 
"Saxa Table Salt","Saxa Table Salt",1.33000, ,1.33000,1.75000,,0.240000,,0, ,5010024111069,seasoning, , ,Standard, ,2500594, 
"Sky GMB","Sky GMB",0.61000, ,0.61000,0.81000,,0.246910,,0, , ,seasoning, , ,Standard, ,2500599, 
"Peacock Yellow 10kg","Peacock Yellow 10kg",16.50000, ,16.50000,20.99000,,0.213910,,0, ,5010225001503,Rice, , ,Standard, ,2506326, 
"Lal quila Rice 2kg","Lal quila Rice 2kg",3.70000, ,3.70000,4.99000,,0.258520,,0, ,8901161108104,Rice, , ,Standard, ,2506379, 
"Lal Quila Rice 5kg","La Quila Rice 5kg",9.99000, ,9.99000,12.50000,,0.200800,,0, ,8901161104762,Rice, , ,Standard, ,2506397, 
"Lal Quila Rice 10kg","La Quila Rice 10kg",18.99000, ,18.99000,22.99000,,0.173990,,0, ,8901161104922,Rice, , ,Standard, ,2506413, 
"Cinnamon Tea","Puregro Cinnamon Tea",1.20000, ,1.20000,1.79000,,0.329610,,0, ,5061004295873,Tea, , ,Standard, ,2507530, 
"Dalgety Pure Pepermint Tea","Pepermint Tea",1.20000, ,1.20000,1.79000,,0.329610,,0, ,5061004295842,Tea, , ,Standard, ,2507630, 
"Puregro Popcorn Kernels","Puregro Popcorn Kernels",1.83000, ,1.83000,2.79000,,0.344090,,0, ,5061004299635,Snack, , ,Standard, ,2507684, 
"Malta Guiness Bottle","Guiness Malta Bottle",0.59000, ,0.59000,1.00000,,0.410000,,0, ,5000213011942,Drinks, , ,Standard, ,2507754, 
"Mirinda Box","Mirinda Box",13.99000, ,13.99000,16.99000,,0.176570,,0, ,012000034459,Drinks, , ,Standard, ,2507879, 
Pfuko,Pfuko,1.20000, ,1.20000,1.70000,,0.294120,,0, ,6005572002203,Drinks, , ,Standard, ,2507938, 
"Mayonnaiose 750g","Mayonnaiose 750g",5.50000, ,5.50000,6.99000,,0.213160,,0, ,6009522301262,Grocery, , ,Standard, ,2507950, 
"Yam Box","Yam Box",36.38000, ,36.38000,46.00000,,0.209130,,0, , ,Tubers, , ,Standard, ,2677616, 
"Whole Pimento","Whole Pimento",1.50000, ,1.50000,1.99000,,0.246230,,0, ,5012389670151,spice, , ,Standard, ,2704255, 
"Whole Pimento","Whole Pimento",1.50000, ,1.50000,1.99000,,0.246230,,0, ,5012389670151,spice, , ,Standard, ,2704261, 
"Dunns River Barbeque seasoning","Dunns River Barbeque seasoning",0.88000, ,0.88000,1.50000,,0.413330,,0, ,5012389670038,spice, , ,Standard, ,2704272, 
"Dunns River Everyday Seasoning 700g","Everyday Seasoning",3.83000, ,3.83000,4.99000,,0.232460,,0, ,5012389670021,spice, , ,Standard, ,2704276, 
"Dunns River Oxtail Seasoning","Oxtail Seasoning",0.88000, ,0.88000,1.50000,,0.413330,,0, ,5012389670502,seasoning, , ,Standard, ,2704284, 
"Tolly Boy 10kg","Tolly Boy 10kg",13.49000, ,13.49000,16.99000,,0.206000,,0, ,5015821121662,Rice, , ,Standard, ,2742245, 
"Ayoola Cassava Fufu 1.8kg","Ayoola Cassava Fufu 1.8kg",5.20000, ,5.20000,6.99000,,0.256080,,0, ,6151100001443,flour, , ,Standard, ,2742254, 
"Badia Jalapeno","Badia Jalapeno",1.82000, ,1.82000,2.50000,,0.272000,,0, ,033844007522,spice, , ,Standard, ,2742261, 
"Gino Curry Powder","Gino Curry Powder",0.08000, ,0.08000,0.20000,,0.600000,,0, ,8410300366324,spice, , ,Standard, ,2742279, 
"Honeywell Semolina 5Kg","Honeywell Semolina 5Kg",8.20000, ,8.20000,10.50000,,0.219050,,0, ,6156000022543,flour, , ,Standard, ,2742290, 
"Puregro Aroma PlatinumExtra Long Rice 2kg","Puregro Aroma PlatinumExtra Long Rice 2kg",3.50000, ,3.50000,4.29000,,0.184150,,0, ,8906049094234,Rice, , ,Standard, ,2742410, 
"Puregro Jollof Rice Seasoning 100g","Puregro Jollof Rice Seasoning 100g",0.95000, ,0.95000,1.29000,,0.263570,,0, ,5060331899877,seasoning, , ,Standard, ,2742481, 
"Puregro Oregano","Puregro Oregano",0.50000, ,0.50000,0.79000,,0.367090,,0, ,5060331899853,seasoning, , ,Standard, ,2742483, 
"Puregro Parsely 80g","Puregro Parsely 80g",0.95000, ,0.95000,1.49000,,0.362420,,0, ,5061004295286,spice, , ,Standard, ,2742485, 
"AH Yellow Corn Dough 2kg","AH Yellow Corn Dough 2kg",3.20000, ,3.20000,4.99000,,0.358720,,0, ,5061004297327,Groceries, , ,Standard, ,2742540, 
"Schwepps pk 6","Schwepps pk 6",4.25000, ,4.25000,5.50000,,0.227270,,0, , ,Drinks, , ,Standard, ,2742645, 
"Unifresh Banku Mix 500g","Unifresh Banku Mix 500g",2.50000, ,2.50000,3.50000,,0.285710,,0, ,6034000296679,flour, , ,Standard, ,2742672, 
"Unifresh Fufu 4kg","Unifresh Fufu 4kg",8.00000, ,8.00000,9.99000,,0.199200,,0, , ,flour, , ,Standard, ,2742678, 
"Unifresh Tom Brown 500g","Unifresh Tom Brown 500g",2.50000, ,2.50000,3.50000,,0.285710,,0, ,6034000296655,flour, , ,Standard, ,2742718, 
"Ofada Oil 2Ltr","Ofada Oil 2Ltr",4.20000, ,4.20000,5.99000,,0.298830,,0, , ,Oil, , ,Standard, ,2742742, 
"Yellow Rodo","Yellow Rodo",3.98000, ,3.98000,7.50000,,0.469330,,0, , ,Peppers, , ,Weighed, ,2742771, 
"Ogiri 50g","Ogiri 50g",4.17000, ,4.17000,5.99000,,0.303840,,0, , ,spice, , ,Standard, ,2742794, 
"stock fish head","stock fish head",2.70000, ,2.70000,4.50000,,0.400000,,0, ,5061069142044,Fish, , ,Standard, ,2742824, 
Lipton,Lipton,1.00000, ,1.00000,1.50000,,0.333330,,0, ,8720608603145,Tea, , ,Standard, ,2830243, 
"Unripe Plantain chips","Unripe Plantain chips",3.00000, ,3.00000,4.50000,,0.333330,,0, ,6156000314648,Snack, , ,Standard, ,2834566, 
"Unripe Plantain chips","Unripe Plantain chips",3.00000, ,3.00000,4.50000,,0.333330,,0, ,6156000314648,Snack, , ,Standard, ,2856665, 
"Egusi/Melon 400g","Egusi/Melon 400g",4.50000, ,4.50000,6.99000,,0.356220,,0, ,4451255513,Groceries, , ,Standard, ,2856704, 
"De rica Double Concentrate 70g Box of 50","De rica Double Concentrate 70g Box of 50",22.99000, ,22.99000,29.00000,,0.207240,,29.00000, , ,seasoning, , ,Standard, ,2904550, 
"Nido Powdered Milk 900g","Nido Powdered Milk 900g",9.20000, ,9.20000,11.99000,,0.232690,,0, ,8715000998647,Milk, , ,Standard, ,2905142, 
"Yellow Pepper","Yellow Peppet",8.43000, ,8.43000,12.00000,,0.297500,,0, , ,spice, , ,Weighed, ,2906672, 
"Corn Dough 2kg","Corn Dough",4.30000, ,4.30000,4.99000,,0.138280,,0, ,5061025220007,Grocery, , ,Standard, ,2906689, 
"Ghana Taste Cassava Dough 2kg","Cassava Dough 2kg",3.60000, ,3.60000,4.99000,,0.278560,,0, , ,Grocery, , ,Standard, ,2906704, 
"AH Chin Chin 500g","AH Chin Chin 500g",2.20000, ,2.20000,3.49000,,0.369630,,0, ,"5061069143416,5061069143331",snacks, , ,Standard, ,2906895, 
"Yam Flour 10kg","Yam Flour 10kg",22.54000, ,22.54000,28.99000,,0.222490,,0, , ,flour, , ,Standard, ,2906978, 
HoneyComb,HoneyComb,5.63000, ,5.63000,7.50000,,0.249330,,0, ,0741813882918,"Frozen Protein", , ,Standard, ,2907173, 
"AH Ground Egusi/Melon 400g","Egusi/Melon 400g",4.20000, ,4.20000,5.89000,,0.286930,,0, ,5061069142501,Groceries, , ,Standard, ,2921543, 
"Ripe Plantain box","Plantain box",41.60000, ,41.60000,54.00000,,0.229630,,0, , ,Groceries, , ,Standard, ,2921555, 
"tomatoes 1/Kg","tomatoes 1/Kg",2.00000, ,2.00000,3.00000,,0.333330,,0, , ,vegetrables, , ,Weighed, ,2933688, 
"Tilapia 800g-1200g (big)","Tilapia 800g-1200g (big)",7.00000, ,7.00000,10.99000,,0.363060,,0, ,"7141043771892,787099234515,7141043771977,7109612865076",Fish, , ,Standard, ,2933929, 
"Xpression Super braid","Xpression Super braid",7.00000, ,7.00000,9.00000,,0.222220,,0, , ,Groceries, , ,Standard, ,3041911, 
"Xpression Rich braid","Xpression Rich braid",4.00000, ,4.00000,5.00000,,0.200000,,0, , ,Hair, , ,Standard, ,3041929, 
"Peacock Yellow 5kg","Peacock Yellow 5kg",9.50000, ,9.50000,11.99000,,0.207670,,0, , ,Rice, , ,Standard, ,3093160, 
"Tolly Boy 5kg","Tolly Boy 5kg",7.49000, ,7.49000,8.99000,,0.166850,,0, ,5015821123789,Rice, , ,Standard, ,3093185, 
"Olu Olu Poundo 1.2kg","Olu Olu Poundo 1.2kg",4.40000, ,4.40000,5.99000,,0.265440,,0, ,5030666000330,flour, , ,Standard, ,3094478, 
"schweppes Box(24)","schweppes Box(24)",13.20000, ,13.20000,16.99000,,0.223070,,0, , ,Drinks, , ,Standard, ,3094641, 
"okra Box 4kg","okra Box 4kg",17.00000, ,17.00000,23.00000,,0.260870,,0, , ,Grocery, , ,Standard, ,3107166, 
"Okra Half Box","Okra Half Box",8.50000, ,8.50000,11.50000,,0.260870,,0, , ,Grocery, , ,Standard, ,3107171, 
"Ades Chips Pk","Ades Chips Pk",3.00000, ,3.00000,5.00000,,0.400000,,0, ,"5060087820262,5060087820286,5060087820248",Snack, , ,Standard, ,3107767, 
"Cashew Nut 500g","Cashew Nut 500g",6.00000, ,6.00000,7.99000,,0.249060,,0, ,"ALASAKA,3343114152997",snacks, , ,Standard, ,3107929, 
"Wake Leaf","Wake Leaf",2.00000, ,2.00000,2.70000,,0.259260,,0, ,5060110139774,spice, , ,Standard, ,3108138, 
"Simas Butter 3","Simas Butter",4.41000, ,4.41000,5.50000,,0.198180,,0, ,8992628508155,Grocery, , ,Standard, ,3129794, 
"Bonga Fillet","Bonga Fillet",3.20000, ,3.20000,4.50000,,0.288890,,0, ,5060645750840,Fish, , ,Standard, ,3129970, 
Ukwa,Ukwa,3.40000, ,3.40000,4.50000,,0.244440,,0, , ,Snack, , ,Standard, ,3130073, 
"Peppersoup Spice","Peppersoup Spice",2.50000, ,2.50000,3.30000,,0.242420,,0, ,"5060645751342,5060645751069,5061069141788",spice, , ,Standard, ,3130085, 
"Dried Anchoves","Dried Anchoves",2.50000, ,2.50000,3.50000,,0.285710,,0, ,5060645750819,Fish, , ,Standard, ,3130097, 
"Smoked Prawn","Smoked Prawn",1.90000, ,1.90000,2.49000,,0.236950,,0, ,5060645751342,Fish, , ,Standard, ,3130109, 
"AH Barracuda Fillets 100g", ,2.70000, ,2.70000,3.99000,,0.323310,,0, , ,Fish, , ,Standard, ,3130117, 
"Stockfish Cutlet","Stockfish Cutlet",3.80000, ,3.80000,5.50000,,0.309090,,0, , ,Fish, , ,Standard, ,3130459, 
Chapman,Chapman,1.50000, ,1.50000,2.00000,,0.250000,,0, ,5070000673608,Drinks, , ,Standard, ,3130726, 
"Fresh Tumeric","Fresh Tumeric",11.70000, ,11.70000,16.00000,,0.268750,,0, , ,spice, , ,Weighed, ,3131138, 
"5kg Hake","15kg Hake",18.75000, ,18.75000,23.00000,,0.184780,,0, , ,"Frozen Protein", , ,Weighed,15,3133968, 
"Sardine 10kg","Sardine 10kg",30.00000, ,30.00000,30.00000,,0.000000,,0, , ,"Frozen Protein", , ,Weighed,10,3133990, 
"5kg Chicken","5kg Chicken",8.20000, ,8.20000,10.99000,,0.253870,,0, , ,"Frozen Protein", , ,Standard, ,3134202, 
"Red Fish box(7kg)","Red Fish box(7kg)",26.00000, ,26.00000,36.00000,,0.277780,,0, , ,"Frozen Protein", , ,Weighed,7,3135768, 
"Scent Leaves (Nchanwu)","Scent Leaves (Nchanwu)",2.40000, ,2.40000,3.50000,,0.314290,,0, ,632963452154,Frozen, , ,Weighed,300,3135802, 
"Atteke 500gm","Atteke 500gm",35.00000, ,35.00000,44.00000,,0.204550,,0, ,632963451287,Frozen, , ,Weighed,500,3135818, 
"Snail Jombo 907gm","Snail Jombo 907gm",175.00000, ,175.00000,225.00000,,0.222220,,0, , , , , ,Weighed,907,3135824, 
"Ayoola Poundo Yam 9.1Kg","Ayoola Poundo Yam 9.1Kg",26.50000, ,26.50000,34.99000,,0.242640,,0, ,6151100001092,flour, , ,Standard, ,3574839, 
"Gino Paty Jollof box","Gino Paty Jollof box",17.99000, ,17.99000,22.50000,,0.200440,,0, ,8410300577751,Groceries, , ,Standard, ,3574911, 
"Graceco Yellow Pap","Graceco Yellow Pap",2.30000, ,2.30000,3.20000,,0.281250,,0, ,6156000007564,flour, , ,Standard, ,3574991, 
"Indomie Hungryman","Indomie Hungryman",10.00000, ,10.00000,13.99000,,0.285200,,0, , ,noodles, , ,Standard, ,3575043, 
"Milo 1.8kg","Milo 1.8kg",14.60000, ,14.60000,18.99000,,0.231170,,0, ,8888082134170,Groceries, , ,Standard, ,3575112, 
"Bay Leaves 100g","Bay Leaves 100g",1.90000, ,1.90000,3.99000,,0.523810,,0, ,"5061004296788,5056876201442",Groceries, , ,Standard, ,3575364, 
"Ijebu garri 10kg","Ijebu garri 10kg",8.25000, ,8.25000,13.00000,,0.365380,,0, , ,Garri, , ,Standard, ,3575403, 
"Puregro Garlic Powder 300g","Puregro Garlic Powder 300g",1.10000, ,1.10000,1.89000,,0.417990,,0, ,5060331898177,Groceries, , ,Standard, ,3575470, 
"Puregro Ginger ground 100g","Puregro Ginger ground 100g",0.65000, ,0.65000,0.99000,,0.343430,,0, ,5060331890256,Groceries, , ,Standard, ,3575480, 
"Puregro Paprika","Puregro Paprika",0.75000, ,0.75000,1.00000,,0.250000,,0, ,5060331897934,spice, , ,Standard, ,3575578, 
"Puregro Onion Powder","Puregro Onion Powder",0.65000, ,0.65000,0.99000,,0.343430,,0, ,5060331898511,spice, , ,Standard, ,3575594, 
"Puregro Rosemary 150g","Puregro Rosemary 150g",1.00000, ,1.00000,1.49000,,0.328860,,0, ,5060331891185,spice, , ,Standard, ,3575657, 
"Puregro Tumeric 300g","Puregro Tumeric 300g",0.95000, ,0.95000,1.49000,,0.362420,,0, ,5060331897019,spice, , ,Standard, ,3575683, 
"Puregro Tumeric 100g","Puregro Tumeric 100g",0.60000, ,0.60000,0.99000,,0.393940,,0, ,5060331891192,spice, , ,Standard, ,3575685, 
"Yam Flour(Elubo) 20kg","Yam Flour(Elubo) 20kg",40.00000, ,40.00000,58.00000,,0.310340,,0, , ,flour, , ,Standard, ,3575763, 
Tete,Tete,1.50000, ,1.50000,2.00000,,0.250000,,0, , ,vegetrables, , ,Standard, ,3576176, 
Soko,Soko,1.40000, ,1.40000,2.00000,,0.300000,,0, , ,vegetrables, , ,Standard, ,3576182, 
Uziza,Uziza,1.50000, ,1.50000,2.00000,,0.250000,,0, , ,vegetrables, , ,Standard, ,3576205, 
Oha,Oha,1.50000, ,1.50000,2.00000,,0.250000,,0, , ,vegetrables, , ,Standard, ,3576208, 
Okazi(Frozen),Okazi(Frozen),1.50000, ,1.50000,2.00000,,0.250000,,0, , ,vegetrables, , ,Standard, ,3576222, 
Abacha,Abacha,7.02000, ,7.02000,9.99000,,0.297300,,0, , ,vegetrables, , ,Weighed, ,3576226, 
"Chicken gizzard","Chicken gizzard",2.30000, ,2.30000,3.99000,,0.423560,,0, ,5010650085093,Groceries, , ,Standard, ,3688794, 
Tamarind,Tamarind,2.50000, ,2.50000,2.99000,,0.163880,,0, ,"8857121197506,5037069000295",Snack, , ,Standard, ,3688964, 
"Grounded Egusi","Grounded Egusi",4.00000, ,4.00000,5.99000,,0.332220,,0, ,"5061069141412,3000501050013",Groceries, , ,Standard, ,3711930, 
"AH Bonga Fillets","AH Bonga Fillets",2.70000, ,2.70000,3.49000,,0.226360,,0, ,5061069140842,Fish, , ,Standard, ,3730902, 
"AH Catfish Fillets 100g","Catfish Fillets 100g",2.80000, ,2.80000,3.99000,,0.298250,,0, ,5070003227266,Fish, , ,Standard, ,3730903, 
"Catfish Fillets 400g","Catfish Fillets 400g",11.00000, ,11.00000,13.99000,,0.213720,,0, ,5070003227266,Fish, , ,Standard, ,3730904, 
"AH Grounded nut 100g","AH Groundnut 100g",1.30000, ,1.30000,1.79000,,0.273740,,0, ,5061069141450,Snack, , ,Standard, ,3730905, 
"AH Hausa Koko 1kg","AH Hausa Koko 1kg",4.00000, ,4.00000,5.99000,,0.332220,,0, ,"5061069140606,5061069140187",Cereal, , ,Standard, ,3730906, 
"AH Herring Fillet","AH Herring Fillet",2.80000, ,2.80000,3.79000,,0.261210,,0, ,5061069141559,Fish, , ,Standard, ,3730907, 
"AH Medium Snail 300g","AH Medium Snail 300g",6.34000, ,6.34000,9.99000,,0.365370,,0, , ,"Frozen Protein", , ,Standard, ,3730909, 
"AH Oat Poundo","AH Oat Poundo 1.5kg",3.00000, ,3.00000,3.99000,,0.248120,,0, ,"5061069145823,5061069145946",flour, , ,Standard, ,3730910, 
"Frozen Brown Ogi 300g","Frozen Brown Ogi 300g",1.20000, ,1.20000,2.00000,,0.400000,,0, ,5061069141702,Cereal, , ,Standard, ,3730911, 
"Frozen Ogi White 300g","Frozen Ogi White",1.20000, ,1.20000,2.00000,,0.400000,,0, ,5061069141689,Cereal, , ,Standard, ,3730912, 
"Frozen Ogi Yellow 300g","Frozen Ogi Yellow 300g",1.20000, ,1.20000,2.00000,,0.400000,,0, , ,Cereal, , ,Standard, ,3730913, 
"AH Plantain Fufu 1.5kg","AH Plantain Fufu 1.5kg",4.20000, ,4.20000,5.99000,,0.298830,,0, ,5061069140057,flour, , ,Standard, ,3730914, 
"PB Stockfish Cod 100g","Stockfish Cod 100g",4.00000, ,4.00000,5.99000,,0.332220,,0, ,5061069142020,Fish, , ,Standard, ,3730915, 
"AH Whole Whole Egusi","AH Whole Whole Egusi",4.00000, ,4.00000,5.89000,,0.320880,,0, ,5061069142501,Grocery, , ,Standard, ,3730917, 
"AH Cameroon Pepper 60g","AH Cameroon Pepper 60g",1.30000, ,1.30000,1.79000,,0.273740,,0, ,5061069144437,Peppers, , ,Standard, ,3730919, 
"Blue Ocean Salt Fish 200g","Blue Ocean Salt Fish 200g",1.40000, ,1.40000,2.50000,,0.440000,,0, ,5037198003402,Fish, , ,Standard, ,3730922, 
"DR Ground Nutmeg","DR Ground Nutmeg",2.00000, ,2.00000,2.99000,,0.331100,,0, ,5012389670328,spice, , ,Standard, ,3730924, 
"Exotic Corn Dough","Exotic Corn Dough",3.50000, ,3.50000,4.49000,,0.220490,,0, ,5061025220007,Frozen, , ,Standard, ,3730926, 
"GB Palmnut Soup 400g","Ghana Best Palmnut Soup 400g",1.42000, ,1.42000,2.10000,,0.323810,,0, ,5029788153710,Oil, , ,Standard, ,3730930, 
"GB Palmnut soup 800g","GB Palmnut soup 800g",2.70000, ,2.70000,4.00000,,0.325000,,0, ,5029788153734,Oil, , ,Standard, ,3730933, 
"GB Peanut Butter 400g","GB Peanut Butter 400g",1.50000, ,1.50000,2.50000,,0.400000,,0, ,5029788200216,Grocery, , ,Standard, ,3730934, 
"GB Abemudro Palmnut Soup 800g","Ghana Best Abemudro Palmnut Soup 800g",2.75000, ,2.75000,4.00000,,0.312500,,0, ,5029788181058,Oil, , ,Standard, ,3730935, 
"Ghana Fresh Palmnut Creame 800g","Ghana Fresh Palmnut Creame 800g",3.20000, ,3.20000,4.90000,,0.346940,,0, ,647458021050,Oil, , ,Standard, ,3730936, 
"Jafro Chin Chin Coconut 900g","Jafro Chin Chin 900g",4.50000, ,4.50000,6.50000,,0.307690,,0, ,"634158848001,634158847998",snacks, , ,Standard, ,3730938, 
"Jafro Chin Chin Coconut 250g","Jafro Chin Chin Coconut 250g",1.42000, ,1.42000,2.50000,,0.432000,,0, ,"634158847721,634158847738",Snack, , ,Standard, ,3730939, 
"Cerelac Rice with Milk","Cerelac Wheat with Milk",6.84000, ,6.84000,8.99000,,0.239150,,0, ,8410100099095,Cereal, , ,Standard, ,3730947, 
"Pure  HeavenWine Box of 12","Wine Box of 12",24.00000, ,24.00000,29.99000,,0.199730,,0, ,5032619310015,Drinks, , ,Standard, ,3730954, 
"Sankofa Fufu 2kg","Sankofa Fufu 2kg",9.00000, ,9.00000,12.99000,,0.307160,,0, ,5033897100602,flour, , ,Standard, ,3730959, 
"Sea Moon Ofada 5kg","Sea Moon Ofada 5kg",8.49000, ,8.49000,12.99000,,0.346420,,0, ,5060889012025,Rice, , ,Standard, ,3730962, 
"Setara Golden Sella 10kg","Setara Golden Sella 10kg",17.99000, ,17.99000,21.99000,,0.181900,,0, ,5011510103131,Rice, , ,Standard, ,3730963, 
"Setara Golden Sella 2kg","Setara Golden Sella 2kg",3.50000, ,3.50000,4.50000,,0.222220,,0, ,5065009530489,Rice, , ,Standard, ,3730965, 
"Setara Golden Sella Basmati Rice 20kg","Setara Golden Sella Basmati Rice 20kg",33.99000,NoTax,33.99000,41.99000,,0.190520,,0, ,5020012794334,Rice, , ,Standard, ,3730969, 
"Satara Golden Sella Basmati Rice 5kg","Satara Golden Sella Basmati Rice 5kg",8.99000, ,8.99000,10.99000,,0.181980,,0, ,5186771373033,Rice, , ,Standard, ,3730971, 
"TS Adobo Seasoning 100g","TS Adobo Seasoning 100g",0.91600, ,0.91600,1.20000,,0.236670,,0, ,5029788169247,seasoning, , ,Standard, ,3730973, 
"TS Aroma Stock Powder","TS Aroma Stock Powder",3.17000,NoTax,3.17000,3.99000,,0.205510,,0, ,5029788174999,seasoning, , ,Standard, ,3730974, 
"TS Butter Beans 500g","TS Butter Beans 500g",1.50000, ,1.50000,1.99000,,0.246230,,0, ,5029788603055,Beans, , ,Standard, ,3730977, 
"TS Chicken Seasoning 100g","TS Chicken Seasoning 100g",0.83000, ,0.83000,1.00000,,0.170000,,0, ,5029788100257,seasoning, , ,Standard,100,3730981, 
"TS Chicken Stock Powder 1kg","TS Chicken Stock Powder 1kg",3.17000, ,3.17000,3.99000,,0.205510,,0, ,5029788175019,seasoning, , ,Standard, ,3730983, 
"TS Crayfish Stock 1kg","TS Crayfish Stock 1kg",4.50000, ,4.50000,5.99000,,0.248750,,0, ,5029788175026,seasoning, , ,Standard, ,3730984, 
"TS Dried Mixed herbs 30g","TS Dries Mixed herbs 30g",0.83000, ,0.83000,1.20000,,0.308330,,0, ,5029788100356,spice, , ,Standard, ,3730989, 
"TS Hominy Yellow Corn 500g","TS Hominy Yellow Corn 500g",0.90000, ,0.90000,1.50000,,0.400000,,0, ,5029788603468,Grocery, , ,Standard, ,3731005, 
"TS Plantain Chips 450g","TS Plantain Chips 450g",3.50000, ,3.50000,4.99000,,0.298600,,0, ,"5029788208748,5029788214244,5029788206218,5029788208724,5029788206195,5029788206201",snacks, , ,Standard, ,3731007, 
"AH Yellow Garri 20kg","AH Yellow Garri 20kg",22.99000, ,22.99000,32.99000,,0.303120,,0, , ,Garri, , ,Standard, ,3731175, 
"AH Ijebu Garri 3.5kg","AH Ijebu Garri 3.5kg",4.75000, ,4.75000,6.69000,,0.289990,,0, ,5061069142808,Garri, , ,Standard, ,3731187, 
"AH Ghana Garri","AH Ghana Garri",4.75000, ,4.75000,6.69000,,0.289990,,0, ,5061069140163,Garri, , ,Standard, ,3731199, 
"Thai Pearl Jasmine Rice 10kg","Thai Pearl Jasmine Rice 10kg",10.99000, ,10.99000,13.99000,,0.214440,,0, ,5061069141580,Rice, , ,Standard, ,3731214, 
"AH Red Palm OIl 500ml","AH Red Palm OIl 500ml",1.42000, ,1.42000,1.99000,,0.286430,,0, ,5061069142662,Oil, , ,Standard, ,3731257, 
"AH Palm Oil 1L","AH Palm Oil 1L",2.70000, ,2.70000,3.75000,,0.280000,,0, ,5061069142648,Oil, , ,Standard, ,3731263, 
"AH Palm Oil 2L","AH Palm Oil 2L",5.25000, ,5.25000,6.99000,,0.248930,,0, ,5061069142686,Oil, , ,Standard, ,3731269, 
"AH Zomi Palm Oil 500ml","AH Zomi Palm Oil 500ml",1.42000, ,1.42000,1.99000,,0.286430,,0, ,5061069140309,Oil, , ,Standard, ,3731279, 
"AH Zomi Palmoil 2L","AH Zomi Palmoil 2L",5.25000, ,5.25000,6.99000,,0.248930,,0, ,5061069142686,Oil, , ,Standard, ,3731291, 
"AH Pounded Iyan 4kg","AH Pounded Iyan 4kg",10.40000, ,10.40000,13.99000,,0.256610,,0, ,5061069140095,flour, , ,Standard, ,3731305, 
"AH Plantain Fufu 4kg","AH Plantain Fufu 4kg",10.40000, ,10.40000,13.99000,,0.256610,,0, ,5061069140033,flour, , ,Standard, ,3731310, 
"AH Plantain Fufu 680g","AH Plantain Fufu 680g",2.10000, ,2.10000,2.99000,,0.297660,,0, ,5061069140019,flour, , ,Standard, ,3731318, 
"Ts Coconut Peanut (330g*24)","Ts Coconut Peanut (330g*24)",66.00000, ,66.00000,82.99000,,0.204720,,0, ,05029788161630,Snack, , ,Standard, ,3731331, 
"Ts Coconut Peanut 50g","Ts Coconut Peanut 50g",0.84000, ,0.84000,1.20000,,0.300000,,0, ,5029788189672,Snack, , ,Standard, ,3731336, 
"TS Coconut Peanut 165g","TS Coconut Peanut 165g",2.15000, ,2.15000,2.99000,,0.280940,,0, ,5029788167441,Snack, , ,Standard, ,3731345, 
"Peacock Basmatti 4kg","Peacock Basmatti 4kg",9.50000, ,9.50000,10.99000,,0.135580,,0, ,5010225002197,Rice, , ,Standard, ,3861982, 
"Ginger small","Ginger small",1.00000, ,1.00000,1.50000,,0.333330,,0, ,5037069000271,spice, , ,Standard, ,3939238, 
"Gino 400g","Gino 400g",1.46000, ,1.46000,1.99000,,0.266330,,0, ,8410300363910,Grocery, , ,Standard, ,3956034, 
"Gino 210g","Gino 210g",0.84000, ,0.84000,1.20000,,0.300000,,0, ,"8410300363927,8410300362111",Grocery, , ,Standard, ,3956038, 
"Ayoola Plantain Flour","Ayoola Plantain Flour",5.20000, ,5.20000,6.99000,,0.256080,,0, ,6151100001405,flour, , ,Standard, ,3990374, 
"Checkers Custard Banana Flavour 400g","Checkers Custard Banana Flavour 400g",1.10000, ,1.10000,2.99000,,0.632110,,0, ,6152110065975,Beverage, , ,Standard, ,3990579, 
"Puregro Creamy Peanut Butter 1kg","Puregro Creamy Peanut Butter 1kg",2.25000, ,2.25000,2.99000,,0.247490,,0, ,5061004299284,Grocery, , ,Standard, ,3990667, 
"Puregro Creamy Peanut butter 454g","Puregro Creamy Peanut butter 454g",1.25000, ,1.25000,1.79000,,0.301680,,0, ,5061004299277,Grocery, , ,Standard, ,3990673, 
"Close Up Tooth paste130g","Close Up Tooth paste130g",1.50000, ,1.50000,2.00000,,0.250000,,0, ,6151100133595,Grocery, , ,Standard, ,3990945, 
"Fuku Lungs 1kg","Fuku Lungs 1kg",3.00000, ,3.00000,3.99000,,0.248120,,0, , ,"Frozen Protein", , ,Standard, ,3991594, 
"Maggi chicken powder","Maggi chicken",3.00000, ,3.00000,3.99000,,0.248120,,0, ,6151100033437,seasoning, , ,Standard, ,3991658, 
"Maggi star Chicken Cubes","Maggi star Chicken Cubes",1.60000, ,1.60000,2.50000,,0.360000,,0, ,6151100033888,seasoning, , ,Standard, ,3991678, 
"Knorr Chicken (8gx45) 2", ,4.30000, ,4.30000,5.50000,,0.218180,,0, ,"6154000011291,6154000010270",seasoning, , ,Standard, ,3991710, 
"Cat fish 8/10 pack","Cat fish 8/10 pack",16.00000, ,16.00000,20.99000,,0.237730,,0, , ,Fish, , ,Standard, ,3996247, 
"Fuku/lungs 1kg","Fuku/lungs 1kg",3.00000, ,3.00000,3.99000,,0.248120,,0, , ,"Frozen Protein", , ,Standard, ,4037356, 
"Waake Leaves",Waake,1.20000, ,1.20000,1.70000,,0.294120,,0, ,5060110139774,Grocery, , ,Standard, ,4066503, 
"Aani Golden Sella Basmatti Rice 10kg","Aani Golden Sella Basmatti Rice 10kg",16.00000, ,16.00000,19.99000,,0.199600,,0, ,5029788181553,Rice, , ,Standard, ,4098336, 
"African Queen Mackerel","African Queen Mackerel",2.30000, ,2.30000,2.99000,,0.230770,,0, ,3393710001359,Milk, , ,Standard, ,4098349, 
"AH Achi","AH Achi",1.30000, ,1.30000,1.79000,,0.273740,,0, ,5061069140682,spice, , ,Standard, ,4098379, 
"AH Ground Hot Pepper 70g","Ground Hot Pepper",1.30000, ,1.30000,1.79000,,0.273740,,0, ,5061069141436,spice, , ,Standard, ,4098668, 
"AH Ground Ogbonno 80g","Ground Ogbonno 80g",1.50000, ,1.50000,1.99000,,0.246230,,0, ,5061069141474,Grocery, , ,Standard, ,4098713, 
"Ground Okra 50g","Ground Okra 50g",1.00000, ,1.00000,1.39000,,0.280580,,0, ,5061069141498,Grocery, , ,Standard, ,4098719, 
"Ground Prawns 70g","Ground Prawns 70g",3.40000, ,3.40000,4.49000,,0.242760,,0, ,5061069141535,Grocery, , ,Standard, ,4098723, 
"AH Stockfish Cod Head 300g","Stockfish Cod Head 300g",3.50000, ,3.50000,4.99000,,0.298600,,0, ,5061069142044,Fish, , ,Standard, ,4098767, 
"Stockfish Trimmings 100g","Stockfish Trimmings 100g",2.60000, ,2.60000,3.79000,,0.313980,,0, ,5061069142143,Fish, , ,Standard, ,4098795, 
"Gt Tom Brown 500g","Gt Tom Brown 500g",2.34000, ,2.34000,3.99000,,0.413530,,0, ,5061069140620,Cereal, , ,Standard, ,4098808, 
"AH Whole Crayfish 40g","AH Whole Crayfish 40g",1.30000, ,1.30000,1.79000,,0.273740,,0, ,5061069142426,Fish, , ,Standard, ,4098816, 
"AH Whole Crayfish 70g","AH Whole Crayfish 70g",2.20000, ,2.20000,2.79000,,0.211470,,0, ,5061069142440,Fish, , ,Standard, ,4098823, 
"Whole Hot Pepper","Whole Hot Pepper",1.30000, ,1.30000,1.79000,,0.273740,,0, ,5061069142525,spice, , ,Standard, ,4120540, 
"AH Whole Ogbonno 80g","AH Whole Ogbonno 80g",1.50000, ,1.50000,1.99000,,0.246230,,0, ,5061069142549,Grocery, , ,Standard, ,4120549, 
"Yam Flour 5kg","Yam Flour 5kg",9.99000, ,9.99000,12.99000,,0.230950,,0, , ,flour, , ,Standard, ,4120588, 
"Exeter Corned Beef 340g","Exeter Corned Beef 340g",3.50000, ,3.50000,4.50000,,0.222220,,0, ,5010436500017,Grocery, , ,Standard, ,4120783, 
"Ghana Gari 10kg","Ghana Gari 10kg",10.99000, ,10.99000,13.99000,,0.214440,,0, , ,Garri, , ,Standard, ,4120837, 
"King Prawns/shrimp 400g","King Prawns/shrimp 400g",3.00000, ,3.00000,3.99000,,0.248120,,0, ,"6934487743379,792649160237","Frozen Protein", , ,Standard, ,4120885, 
"KTC White Kidney Beans 400g","KTC White Kidney Beans 400g",0.50000, ,0.50000,0.80000,,0.375000,,0, ,5029788603055,Beans, , ,Standard, ,4120896, 
"Lipton Tea 200g","Lipton Tea 200g",3.77000, ,3.77000,4.99000,,0.244490,,0, ,5900300550258,Beverage, , ,Standard, ,4120909, 
"Maggi Liquid Mild 125ml","Maggi Liquid Mild 125ml",1.10000, ,1.10000,1.50000,,0.266670,,0, ,8715000029723,seasoning, , ,Standard, ,4120946, 
.,.,0.00000, ,0.00000,0.00000,,0.000000,,0, , , , , ,Standard, ,4120948, 
"Makazo Black Soap","Makazo Black Soap",6.00000, ,6.00000,7.99000,,0.249060,,0, ,5060233230129,soap, , ,Standard, ,4121103, 
"Pangash Whole","Pangash Whole",7.50000, ,7.50000,9.99000,,0.249250,,0, ,5060128100377,Fish, , ,Standard, ,4121283, 
"Quaker Oats 500g","Quaker Oats 500g",1.40000, ,1.40000,1.99000,,0.296480,,0, ,5000108478119,Cereal, , ,Standard, ,4121443, 
"Queen Elizabeth Cocoa Butter Cream 500ml","Queen Elizabeth Cocoa Butter Cream 500ml",3.90000, ,3.90000,4.99000,,0.218440,,0, ,6186000077021,Cream, , ,Standard, ,4121605, 
"Queen Elizabeth Cocoa Butter Cream 250ml","Queen Elizabeth Cocoa Butter Cream 250ml",2.00000, ,2.00000,2.99000,,0.331100,,0, ,6186000077021,Cream, , ,Standard, ,4121616, 
"TS Crayfish Cubes","TS Crayfish Cubes",2.40000, ,2.40000,3.20000,,0.250000,,0, ,5029788193136,seasoning, , ,Standard, ,4122702, 
"Funbact A Creame","Funbact A Creame",1.20000, ,1.20000,2.50000,,0.520000,,0, ,8906009234083,Cream, , ,Standard, ,4122799, 
"Unripe Plantain quarter","Unripe Plantain quarter",5.30000, ,5.30000,10.00000,,0.470000,,0, , ,Grocery, , ,Standard, ,4225307, 
"Giant snail 950g","Giant snail 950g",38.00000, ,38.00000,45.00000,,0.155560,,0, ,3239291971332,Frozen, , ,Standard, ,4255307, 
"Semolina 10kg","Semolina 10kg",14.50000, ,14.50000,19.99000,,0.274640,,0, ,6156000022512,flour, , ,Standard, ,4268683, 
"Liver 1kg","Liver 1kg",1.80000, ,1.80000,3.99000,,0.548870,,0, ,42072355729,"Frozen Protein", , ,Standard, ,4443959, 
"Vitamalt Box of 24","Vitamalt Box of 24",20.39000, ,20.39000,26.99000,,0.244540,,0, ,737297000115,Drinks, , ,Standard, ,4628903, 
"Onions 4kg",Onions,1.58000, ,1.58000,2.20000,,0.281820,,0, , ,spice, , ,Standard, ,4695474, 
"AH Achi 50g","AH Achi 50g",1.30000, ,1.30000,1.79000,,0.273740,,0, ,5061069140682,spice, , ,Standard, ,4718320, 
"AH Banku Mix 1kg","AH Banku Mix 1kg",2.84000, ,2.84000,3.99000,,0.288220,,0, ,5061069143751,Cereal, , ,Standard, ,4718358, 
"AH Bobolo 700g","AH Bobolo 700g",2.53000, ,2.53000,2.99000,,0.153850,,0, , ,Frozen, , ,Standard, ,4718380, 
"AH Cassava Dough 2kg","AH Cassava Dough 2kg",2.84000, ,2.84000,3.99000,,0.288220,,0, ,5061069142624,Frozen, , ,Standard, ,4718403, 
"AH Cassava Dough 2kg","AH Cassava Dough 2kg",2.84000, ,2.84000,3.99000,,0.288220,,0, ,5061069140927,Frozen, , ,Standard, ,4779187, 
"AH Cassava Flour 3.5kg","AH Cassava Flour 3.5kg",5.25000, ,5.25000,6.99000,,0.248930,,0, ,5061069142761,flour, , ,Standard, ,4779227, 
"AH Catfish Fillet 200g","AH Catfish Fillet 200g",5.50000, ,5.50000,7.49000,,0.265690,,0, ,5070003227266,Drinks, , ,Standard, ,4779256, 
"AH Ghana Gari 1.5kg","AH Ghana Gari 1.5kg",2.00000, ,2.00000,2.99000,,0.331100,,0, ,5061069140149,Garri, , ,Standard, ,4779487, 
"AH Ghana Gari 3.5kg","AH Ghana Gari 3.5kg",5.00000, ,5.00000,6.99000,,0.284690,,0, ,5061069140163,Garri, , ,Standard, ,4779519, 
"AH Ground LIst 100g","AH Ground LIst 100g",1.20000, ,1.20000,1.69000,,0.289940,,0, ,5061069141450,Groceries, , ,Standard, ,4779571, 
"AH Ijebu Garri 1.5kg","AH Ijebu Garri 1.5kg",2.10000, ,2.10000,2.99000,,0.297660,,0, ,5061069142785,Garri, , ,Standard, ,4779629, 
"AH Ijebu Garri 5kg","AH Ijebu Garri 5kg",5.99000, ,5.99000,8.99000,,0.333700,,0, ,"5061069145601,90626",Garri, , ,Standard, ,4779661, 
"AH Oat Poundo 4kg","AH Oat Poundo 4kg",7.40000, ,7.40000,9.99000,,0.259260,,0, ,"5061069145960,5061069145939",flour, , ,Standard, ,4779719, 
"AH Tuo Zaafi 3.5kg","AH Tuo Zaafi 3.5kg",7.20000, ,7.20000,9.99000,,0.279280,,0, ,5061069144611,flour, , ,Standard, ,4779961, 
"AH Frozen Uziza Leaves 200g","AH Frozen Uziza Leaves 200g",1.25000, ,1.25000,2.00000,,0.375000,,0, ,5061069144185,vegetrables, , ,Standard, ,4780007, 
"AH Water Leaves 500g","AH Water Leaves 500g",1.57000, ,1.57000,2.00000,,0.215000,,0, ,5061069142402,vegetrables, , ,Standard, ,4780046, 
"AH Yellow Gari 1.5kg","AH Yellow Gari 1.5kg",2.40000, ,2.40000,3.49000,,0.312320,,0, ,5061069142969,Garri, , ,Standard, ,4780238, 
"AH Yellow Gari 3.5kg","AH Yellow Gari 3.5kg",5.50000, ,5.50000,7.49000,,0.265690,,0, ,5061069142983,Garri, , ,Standard, ,4780280, 
"Afrimalt Can 12x500ml","Afrimalt Can 12x500ml",11.40000, ,11.40000,14.99000,,0.239490,,0, ,5065019455017,Drinks, , ,Standard, ,4780343, 
"Afrimalt 500ml","Afrimalt 500ml",0.95000, ,0.95000,1.30000,,0.269230,,0, ,5065019455000,Drinks, , ,Standard, ,4780363, 
"AH Tuo Zaafi 1kg","AH Tuo Zaafi 1kg",2.50000, ,2.50000,3.49000,,0.283670,,0, ,5061069144598,flour, , ,Standard, ,4780382, 
"Apollo Sardines 125g","Apollo Sardines 125g",0.85000, ,0.85000,1.20000,,0.291670,,0, ,6111022110012,Grocery, , ,Standard, ,4780471, 
"Dalgety Slimline Tea 40g","Dalgety Slimline Tea 40g",2.20000, ,2.20000,2.99000,,0.264210,,0, ,6712670000641,Tea, , ,Standard, ,4780674, 
"Dalgety Honey & Ginger Tea 72g","Dalgety Honey & Ginger Tea 72g",1.70000, ,1.70000,2.50000,,0.320000,,0, ,6712670000832,Tea, , ,Standard, ,4780702, 
"Dalgety Lemon & Ginger Tea 54g","Dalgety Lemon & Ginger Tea 54g",1.70000, ,1.70000,2.50000,,0.320000,,0, ,6712670000825,Tea, , ,Standard, ,4780749, 
"Geisha Mackerel in Chilli 425g Red","Geisha Mackerel in Chilli 425g Red",1.84000, ,1.84000,2.50000,,0.264000,,0, ,8852707200229,Grocery, , ,Standard, ,4780804, 
"Geisha Mackerel in Tomato 425g Green","Geisha Mackerel in Tomato 425g Green",2.04000, ,2.04000,2.60000,,0.215380,,0, ,8852707200113,Grocery, , ,Standard, ,4780823, 
"Gino Thyme","Gino Thyme",0.08000, ,0.08000,0.20000,,0.600000,,0, ,8410300366324,spice, , ,Standard, ,4780917, 
"frozen Smoked Cowfoot","frozen Smoked Cowfoot",3.00000, ,3.00000,3.99000,,0.248120,,0, ,5060261860275,"Frozen Protein", , ,Standard, ,4780973, 
"IslandBest Golden Sella Basmatti Rice 10kg","IslandBest Golden Sella Basmatti Rice 10kg",13.00000, ,13.00000,15.99000,,0.186990,,0, ,5061069144338,Rice, , ,Standard, ,4781372, 
"IslandBest Golden Sella Basmatti Rice 5kg","IslandBest Golden Sella Basmatti Rice 5kg",7.00000, ,7.00000,8.49000,,0.175500,,0, , ,Rice, , ,Standard, ,4781378, 
"Milo Ghana 400g","Milo Ghana 400g",4.20000,NoTax,4.20000,5.99000,,0.298830,,0, ,"8888082117722,6033000085658",Beverage, , ,Standard, ,4782101, 
"Milo Asian 1.4kg","Milo Asian 1.4kg",9.70000, ,9.70000,12.99000,,0.253270,,0, ,9556001004543,Beverage, , ,Standard, ,4782134, 
"Pika frozen Water Leaves 250g","Pika frozen Water Leaves 250g",1.00000, ,1.00000,1.50000,,0.333330,,0, ,3700818909164,vegetrables, , ,Standard, ,4782265, 
"RG Kenkey 750g","RG Kenkey 750g",2.00000, ,2.00000,2.99000,,0.331100,,0, ,5061069144819,Grocery, , ,Standard, ,4782596, 
"RG Shitto Hot Sauce 160ml","RG Shitto Hot Sauce 160ml",2.10000, ,2.10000,3.49000,,0.398280,,0, ,5061069144734,Grocery, , ,Standard, ,4782604, 
"RG Shitto Hot Sauce 350ml","RG Shitto Hot Sauce 350ml",4.20000, ,4.20000,5.49000,,0.234970,,0, ,5061069144673,Grocery, , ,Standard, ,4782688, 
"Sapna Garlic Paste 1kg","Sapna Garlic Paste 1kg",2.00000, ,2.00000,2.99000,,0.331100,,0, ,786110113389,Grocery, , ,Standard, ,4782736, 
"Sapna Ginger Garlic (mix) paste","Sapna Ginger Garlic (mix) paste",2.00000, ,2.00000,2.99000,,0.331100,,0, ,786110113396,Grocery, , ,Standard, ,4782754, 
"Sapna Ginger Paste 1kg","Sapna Ginger Paste 1kg",2.00000, ,2.00000,2.99000,,0.331100,,0, ,"786110113372,786110113372",Grocery, , ,Standard, ,4782929, 
"Smoked Turkey Midwings 5kg","Smoked Turkey Midwings 5kg",25.99000, ,25.99000,36.99000,,0.297380,,0, , ,"Frozen Protein", , ,Standard, ,4784182, 
"Smoked Hen (Hard Chicken)","Whole Smoked Hen (Hard Chicken)",4.50000, ,4.50000,5.99000,,0.248750,,0, ,2393847009731,"Frozen Protein", , ,Standard, ,4784644, 
"Abido Cream","Abido Cream",5.00000, ,5.00000,7.50000,,0.333330,,0, , , , , ,Standard, ,5136498, 
"Purregro Ofada rice 4kg","Purregro Ofada rice 4kg",13.60000, ,13.60000,17.99000,,0.244020,,0, ,5056876201862,Rice, , ,Standard, ,5304373, 
"Puregro Rosemary 40g","Puregro Rosemary 40g",0.60000, ,0.60000,0.79000,,0.240510,,0, ,5060331891178,spice, , ,Standard, ,5304405, 
"cowfoot bone","cowfoot bone",2.60000, ,2.60000,3.99000,,0.348370,,0, ,0741813883182,"Frozen Protein", , ,Standard, ,5306545, 
Soursop,Soursop,9.00000, ,9.00000,12.50000,,0.280000,,0, , ,Fruit, , ,Weighed, ,5509354, 
"Maggi Liquid Seasoning 960ml","Maggi Liquid Seasoning 960ml",5.00000, ,5.00000,6.99000,,0.284690,,0, ,5900085011937,seasoning, , ,Standard, ,5525611, 
"Panla Ejakika","Panla Ejakika",2.00000, ,2.00000,3.99000,,0.498750,,0, , ,Fish, , ,Weighed, ,5525761, 
"Iru/Locust Beans 200g","Iru/Locust Beans 200g",3.42000, ,3.42000,4.99000,,0.314630,,0, , ,spice, , ,Standard, ,5618702, 
"Dunns River Jamaican Callabo","Dunns River Jamaican Callabo",2.10000, ,2.10000,2.99000,,0.297660,,0, ,5012389010018,Grocery, , ,Standard, ,5727181, 
"Mighty Malt |pk 6","Mighty Malt |pk 6",5.46000, ,5.46000,7.99000,,0.316650,,0, , ,Drinks, , ,Standard, ,5727233, 
"Lasor Beef 10g","Lasor Beef 10g",0.09000, ,0.09000,0.20000,,0.550000,,0, ,6156000184289,seasoning, , ,Standard, ,5729827, 
"Jamaica Valley TO DI BONE 400g","Jamaica Valley TO DI BONE 400g",6.20000, ,6.20000,7.99000,,0.224030,,0, ,604565547934,seasoning, , ,Standard, ,5782650, 
Ovaltine,Ovaltine,7.99000, ,7.99000,8.99000,,0.111230,,0, ,5010051017914, , , ,Standard, ,5846426, 
"Puregro Ginger & Tumeric Tea 40g","Ginger & Tumeric Tea 40g",1.20000, ,1.20000,1.70000,,0.294120,,0, ,5061004290014,Tea, , ,Standard, ,5847623, 
"Puregro Lemon & ginger Tea 40g","Puregro Lemon & ginger Tea 40g",1.20000, ,1.20000,1.79000,,0.329610,,0, ,5061004295903,Tea, , ,Standard, ,5847749, 
"Mogu Blackcurrant","Mogu Blackcurrant",0.69000, ,0.69000,0.99000,,0.303030,,0, ,8850389115367,Drinks, , ,Standard, ,5847808, 
"Mogu Mango Drink","Mogu Mango Drink",0.69000, ,0.69000,0.99000,,0.303030,,0, ,8850389103166,Drinks, , ,Standard, ,5847821, 
"Puregro Cayenne Pepper 100g","Puregro Cayenne Pepper 100g",0.78000, ,0.78000,1.19000,,0.344540,,0, ,5060331891277,spice, , ,Standard, ,5848905, 
"Tiger Curry Masala","Tiger Curry Masala",0.07000, ,0.07000,0.20000,,0.650000,,0, ,6156000184289,spice, , ,Standard, ,5849127, 
"Rani Co","Rani Co",10.99000, ,10.99000,14.99000,,0.266840,,0, , ,Drinks, , ,Standard, ,5849502, 
"Family combo", ,0.00000, ,0.00000,0.00000,,0.000000,,0, , , , , ,Standard, ,5868098, 
"family Combo","family Combo",57.50000, ,57.50000,69.99000,,0.178450,,0, , ,"Frozen Protein", , ,Standard, ,5870755, 
"Sweet Potato Box","Sweet Potato Box",26.36000, ,26.36000,36.00000,,0.267780,,0, , ,Tubers, , ,Standard, ,5870922, 
"Ginger 700g","Ginger 700g",1.10000, ,1.10000,1.99000,,0.447240,,0, , ,spice, , ,Standard, ,5872558, 
Maputi,Maputi,6.00000, ,6.00000,7.99000,,0.249060,,0, ,720310612051,snacks, , ,Standard, ,5872672, 
"Roller Meal","Roller Meal",13.50000, ,13.50000,17.99000,,0.249580,,0, ,6007421002099,flour, , ,Standard, ,5872689, 
"Sorghum 5kg","Sorghum 5kg",7.00000, ,7.00000,9.50000,,0.263160,,0, ,703625802096,flour, , ,Standard, ,5872697, 
Hello,Hello,1.25000, ,1.25000,1.60000,,0.218750,,0, ,"6009645792435,6009645792893",Snack, , ,Standard, ,5872920, 
Freezits,Freezits,1.10000, ,1.10000,1.50000,,0.266670,,0, , , , , ,Standard, ,5872966, 
"Pearlenta Multigrain 10kg","Pearlenta Multigrain 10kg",15.50000, ,15.50000,20.99000,,0.261550,,0, ,703625802164,flour, , ,Standard, ,5873000, 
"Kulikuli big","Kulikuli big",2.50000, ,2.50000,3.50000,,0.285710,,0, ,5000303055429,snacks, , ,Standard, ,5891142, 
"Suya spice (yaji) 250g","Suya spice (yaji) 250g",2.50000, ,2.50000,3.50000,,0.285710,,0, , ,spice, , ,Standard, ,5891968, 
"Coconut Candy","Coconut Candy",1.50000, ,1.50000,1.99000,,0.246230,,0, , ,snacks, , ,Standard, ,5893117, 
"Proteinm combo","Proteinm combo",81.25000, ,81.25000,105.00000,,0.226190,,0, , ,"Frozen Protein", , ,Standard, ,6105306, 
"Aani Golden Sella 5kg","Aani Golden Sella 5kg",8.25000, ,8.25000,10.50000,,0.214290,,0, ,5029788181546,Rice, , ,Standard, ,6118838, 
"Ground Crayfish 40g","Ground Crayfish 40g",1.30000, ,1.30000,1.79000,,0.273740,,0, ,5061069141337,Fish, , ,Standard, ,6118954, 
"AH Honey Beans  4kg","AH Honey Beans  4kg",11.00000, ,11.00000,15.99000,,0.312070,,0, ,5061069145069,Beans, , ,Standard, ,6119218, 
"Waakye Leaves Powder 120g","Waakye Leaves Powder 120g",1.34000, ,1.34000,1.99000,,0.326630,,0, ,5061069145281,spice, , ,Standard, ,6119244, 
"Buttermint Sweet","Buttermint Sweet",1.00000, ,1.00000,1.50000,,0.333330,,0, ,7622210564924,Grocery, , ,Standard, ,6119275, 
"Dalgety Lemongrass/Fevergrass Tea 40g","Dalgety Lemongrass/Fevergrass Tea 40g",1.70000, ,1.70000,2.50000,,0.320000,,0, ,6712670000290,Tea, , ,Standard, ,6119384, 
"Dalgety Moringa with Green tea 40g","Dalgety Moringa with Green tea 40g",2.20000, ,2.20000,2.99000,,0.264210,,0, ,6712670000665,Tea, , ,Standard, ,6119408, 
"Dalgety Moringa with Pepermint 40g","Dalgety Moringa with Pepermint 40g",2.20000, ,2.20000,2.99000,,0.264210,,0, ,6712670000658, , , ,Standard, ,6119443, 
"Dalgety Pure Soursop Tea","Dalgety Pure Soursop Tea",2.20000, ,2.20000,2.99000,,0.264210,,0, ,6712670000726,Tea, , ,Standard, ,6119479, 
"Dalgety Pure soursop & Ginger Tea","Dalgety Pure soursop & Ginger Tea",2.34000, ,2.34000,2.99000,,0.217390,,0, ,6712670001716,Tea, , ,Standard, ,6119499, 
"Dalgety Pure Soursop_Moringa Tea 40g","Dalgety Pure Soursop_Moringa Tea 40g",2.34000, ,2.34000,2.99000,,0.217390,,0, ,6712670001747,Tea, , ,Standard, ,6119551, 
"Dettol Soap(Original)","Detol Soap(Original)",1.40000, ,1.40000,1.99000,,0.296480,,0, ,6151100282828,soap, , ,Standard, ,6121294, 
"Dettol Soap Skincare","Detol Soap Skincare",0.70000, ,0.70000,0.95000,,0.263160,,0, ,6151100282231,soap, , ,Standard, ,6121319, 
"Jafro Chinchin Coconut 160g","Jafro Chinchin Coconut 160g",0.90000, ,0.90000,1.50000,,0.400000,,0, ,634158847646,soap, , ,Standard, ,6121614, 
"Jafro Chinchin Peanut 250g","Jafro Chinchin Peanut 250g",1.42000, ,1.42000,1.99000,,0.286430,,0, ,634158847745,snacks, , ,Standard, ,6121646, 
"Jafro Chinchi Peanut 450g","Jafro Chinchi Peanut 450g",2.42000, ,2.42000,3.50000,,0.308570,,0, ,634158847622,snacks, , ,Standard, ,6121669, 
"La Vivriere Soungouf 400g","La Vivriere Soungouf 400g",1.40000, ,1.40000,2.20000,,0.363640,,0, , ,flour, , ,Standard, ,6121692, 
"Onga stew 8g","Onga stew 8g",0.06000, ,0.06000,0.20000,,0.700000,,0, ,6008155014150,seasoning, , ,Standard, ,6121781, 
"Setara 5Kg","Setara 5Kg",8.99000, ,8.99000,10.99000,,0.181980,,0, ,5186771373033,Rice, , ,Standard, ,6121907, 
"Spicecity Fried Rice 10g","Spicecity Fried Rice 10g",0.07000, ,0.07000,0.20000,,0.650000,,0, ,6156000169958,seasoning, , ,Standard, ,6121970, 
"Spicity Jollof Box 230pcs","Spicity Jollof Box 230pcs",17.99000, ,17.99000,29.99000,,0.400130,,0, ,6156000169903,seasoning, , ,Standard, ,6122012, 
"Spicity Jollof & Stew 100g","Spicity Jollof & Stew 100g",0.49000, ,0.49000,0.99000,,0.505050,,0, ,6156000169965,seasoning, , ,Standard, ,6123696, 
"Tetmosol 120g","Tetmosol 120g",1.20000, ,1.20000,1.50000,,0.200000,,0, ,6009826820018,soap, , ,Standard, ,6123797, 
"Ts Sugarcane Juice 310ml","Ts Sugarcane Juice 310ml",1.10000, ,1.10000,1.50000,,0.266670,,0, ,5029788199978,Drinks, , ,Standard, ,6123951, 
"Tura Soap 65g","Tura Soap 65g",0.80000, ,0.80000,1.10000,,0.272730,,0, ,6156000060118,soap, , ,Standard, ,6124000, 
"Wisdom Toothbrush","Wisdom Toothbrush",0.50000, ,0.50000,0.80000,,0.375000,,0, ,6926868332081,Groceries, , ,Standard, ,6124041, 
"Cow meat with skin","Cow meat with skin",8.99000, ,8.99000,12.99000,,0.307930,,0, , ,"Frozen Protein", , ,Standard, ,6137929, 
Carotone,Carotone,5.84000, ,5.84000,7.99000,,0.269090,,0, ,6182000132272,Grocery, , ,Standard, ,6187435, 
"Puregro chips","Puregro chips",12.99000, ,12.99000,16.99000,,0.235430,,0, ,"05029788205709,0502978820,05056876200049,5056876200032",snacks, , ,Standard, ,6289151, 
Peanut,Peanut,2.92000, ,2.92000,3.99000,,0.268170,,0, ,"6156000034201,6152110057161",Grocery, , ,Standard, ,6369041, 
"Iwisa Instant porridge 1kg","Iwisa Instant porridge 1kg",2.00000, ,2.00000,2.99000,,0.331100,,0, ,6001205731083,flour, , ,Standard, ,6369080, 
"Puregro Brown Beans 500g","Puregro Brown Beans 500g",2.00000, ,2.00000,2.69000,,0.256510,,0, ,5061004299406,Beans, , ,Standard, ,6369514, 
"Puregro Cashew 700g","Puregro Cashew 700g",5.50000, ,5.50000,6.99000,,0.213160,,0, ,5056876200810,Grocery, , ,Standard, ,6369532, 
"Puregro Cashews nut 700g","Puregro Jumbo Cashews nut 700g",6.70000, ,6.70000,8.99000,,0.254730,,0, ,5056876200797,Grocery, , ,Standard, ,6369554, 
"Puregro chickpeas","Puregro chickpeas",2.00000, ,2.00000,2.99000,,0.331100,,0, ,5056876200780,Grocery, , ,Standard, ,6369577, 
"puregro Garlic Granules 300g","puregro Garlic Granules 300g",1.65000, ,1.65000,2.49000,,0.337350,,0, ,5061004299222,spice, , ,Standard, ,6370167, 
"puregro Garlic Powder 100g","puregro Garlic Powder 100g",0.50000, ,0.50000,0.79000,,0.367090,,0, ,5061004291073,spice, , ,Standard, ,6370208, 
"Nescafe roll of 11","Nescafe roll of 11",2.20000, ,2.20000,5.00000,,0.560000,,0, ,6033000680051,beaverage, , ,Standard, ,6370498, 
"Gino Asun","Gino Asun",0.32000, ,0.32000,0.69000,,0.536230,,0, ,8410300371076,Grocery, , ,Standard, ,6378669, 
"Onga Beef","Onga Beef",0.87000, ,0.87000,1.50000,,0.420000,,0, ,6008155009194,seasoning, , ,Standard, ,6382777, 
"Honey 250ml","Honey 250ml",3.39000, ,3.39000,6.99000,,0.515020,,0, , ,Grocery, , ,Standard, ,6385057, 
"Honey 1L","Honey 1L",10.72000, ,10.72000,18.99000,,0.435490,,0, , ,Grocery, , ,Standard, ,6385075, 
"Ofada 2kg","Ofada 2kg",5.45000, ,5.45000,6.99000,,0.220310,,0, ,6201199958552,Rice, , ,Standard, ,6385092, 
"Mortar size 2","Mortar size 2",8.73000, ,8.73000,12.99000,,0.327940,,0, , ,Grocery, , ,Standard, ,6385111, 
"Mortar Size 3","Mortar Size 3",10.91000, ,10.91000,15.99000,,0.317700,,0, , ,Grocery, , ,Standard, ,6385139, 
Groundnut,Groundnut,5.00000, ,5.00000,6.99000,,0.284690,,0, , ,Grocery, , ,Standard, ,6385155, 
"White Millet","White Millet",2.00000, ,2.00000,2.99000,,0.331100,,0, , ,Beans, , ,Weighed, ,6483993, 
"maggi Beef Powder","maggi Beef Powder",2.30000, ,2.30000,2.99000,,0.230770,,0, ,6151100033451,seasoning, , ,Standard, ,6484020, 
"O0FADA 1KG","O0FADA 1KG",1.40000, ,1.40000,2.50000,,0.440000,,0, ,7845129632519,Rice, , ,Standard, ,6484949, 
"ofada 2kg","ofada 2kg",5.45000, ,5.45000,6.99000,,0.220310,,0, ,6201199958552,Rice, , ,Standard, ,6484981, 
"Lemon plus","Lemon plus",0.82000, ,0.82000,1.50000,,0.453330,,0, ,"5000174823677,5000174823639 b",Grocery, , ,Standard, ,6485005, 
"Ghana Sack","Ghana Sack",2.10000, ,2.10000,2.99000,,0.297660,,0, , ,Grocery, , ,Standard, ,6485065, 
"Ghana Sack Big","Ghana Sack Big",2.50000, ,2.50000,6.99000,,0.642350,,0, , ,Groceries, , ,Standard, ,6485077, 
"Tasty Powder","Tasty Powder",2.00000, ,2.00000,2.99000,,0.331100,,0, ,6901377976896,seasoning, , ,Standard, ,6485091, 
"honey 4kg","honey 4kg",65.45000, ,65.45000,94.99000,,0.310980,,0, , ,Grocery, , ,Standard, ,6485161, 
"Dusting Powder","Dusting Powder",2.10000, ,2.10000,2.99000,,0.297660,,0, ,6154000015329,Grocery, , ,Standard, ,6485193, 
"Apple Hair creame 300ml","Apple Hair creame Medium",2.40000, ,2.40000,4.99000,,0.519040,,0, ,"6156000100937,6156000100814",Grocery, , ,Standard, ,6485233, 
"Brazillian wool","Brazillian wool",1.10000, ,1.10000,1.50000,,0.266670,,0, , ,Grocery, , ,Standard, ,6485254, 
"Soul mate","Soul mate",3.28000, ,3.28000,4.99000,,0.342690,,0, ,6156000033808,Grocery, , ,Standard, ,6485281, 
"Damatol 250g","Damatol Big",6.34000, ,6.34000,8.99000,,0.294770,,0, ,6156000118246,Grocery, , ,Standard, ,6485305, 
"Damatol 110g","Damatol 110g",3.00000, ,3.00000,4.50000,,0.333330,,0, ,6156000118239,Grocery, , ,Standard, ,6485329, 
"Long Box","Long/Bell Pepper Box",7.50000, ,7.50000,10.00000,,0.250000,,0, , ,Peppers, , ,Standard, ,6485768, 
"Round About","Round About",3.91000, ,3.91000,4.99000,,0.216430,,0, ,5029788213490,"Frozen Protein", , ,Standard, ,6487497, 
"Puregro Ground Egusi 1oog","Puregro Ground Egusi 100g",1.17000, ,1.17000,1.79000,,0.346370,,0, ,5056876201367,Grocery, , ,Standard, ,6488464, 
"Puregro Chickpeas 500g","Puregro Chickpeas 500g",1.10000, ,1.10000,1.49000,,0.261740,,0, ,5056876200810,"Frozen Protein", , ,Standard, ,6488630, 
"Puregro Ground Egusi 200g","Puregro Ground Egusi 200g",2.21000, ,2.21000,2.99000,,0.260870,,0, ,5056876201374,Grocery, , ,Standard, ,6488753, 
"Puregro Ground Ogbonno 130g","Puregro Ground Ogbonno 130g",2.34000, ,2.34000,3.29000,,0.288750,,0, ,5056876201411,Grocery, , ,Standard, ,6488772, 
"Puregro Ground Ogbonno 80g","Puregro Ground Ogbonno 80g",1.43000, ,1.43000,1.99000,,0.281410,,0, ,5056876201404,Grocery, , ,Standard, ,6488787, 
"Puregro Ijebu garri 500g","Puregro Ijebu garri 500g",0.85000, ,0.85000,1.19000,,0.285710,,0, ,5060331897316,Garri, , ,Standard, ,6488835, 
"Puregro Jollof Basmatti 10kg","Puregro Jollof Basmatti 10kg",12.99000, ,12.99000,14.99000,,0.133420,,0, ,5061004299567,Rice, , ,Standard, ,6488858, 
"Puregro Jollof Basmati 5kg","Puregro Jollof Basmati 5kg",6.75000, ,6.75000,7.99000,,0.155190,,0, ,5061004299550,Rice, , ,Standard, ,6488878, 
"Puregro Jollof rice seasoning 300g","Puregro Jollof rice seasoning 300g",2.50000, ,2.50000,3.49000,,0.283670,,0, ,5060331899273,seasoning, , ,Standard, ,6488917, 
"Puregro Ofada Rice 1.5kg","Puregro Ofada Rice 1.5kg",5.20000, ,5.20000,6.99000,,0.256080,,0, ,5056876201848,Rice, , ,Standard, ,6488952, 
"Puregro Parsley","Puregro Parsley",0.50000, ,0.50000,0.79000,,0.367090,,0, ,5061004295286,spice, , ,Standard, ,6488983, 
"Puregro Popcorn Kernels 500g","Puregro Popcorn Kernels 500g",0.65000, ,0.65000,0.99000,,0.343430,,0, ,5061004294036,Grocery, , ,Standard, ,6489044, 
"Puregro Pounded Yam 1.5kg","Puregro Pounded Yam 1.5kg",4.60000, ,4.60000,5.99000,,0.232050,,0, ,5060331897774,flour, , ,Standard, ,6489112, 
"Puregro Sorrel 100g","Puregro Sorrel 100g",1.00000, ,1.00000,1.59000,,0.371070,,0, ,5061004296702,Tea, , ,Standard, ,6489544, 
"Puregro Sorrel 1kg","Puregro Sorrel 1kg",7.50000, ,7.50000,9.99000,,0.249250,,0, ,5056876202036,Grocery, , ,Standard, ,6489574, 
"Puregro Stockfish Head 300g","Puregro Stockfish Head 300g",3.64000, ,3.64000,4.99000,,0.270540,,0, ,5056876201183,Fish, , ,Standard, ,6489592, 
"Puregro Whole Crayfish 40g","Puregro Whole Crayfish 40g",1.17000, ,1.17000,1.79000,,0.346370,,0, , ,Fish, , ,Standard, ,6489730, 
"Puregro Whole Crayfish 70g","Puregro Whole Crayfish 70g",2.08000, ,2.08000,2.99000,,0.304350,,0, ,5056876201275,Fish, , ,Standard, ,6489857, 
"Puregro Whole egusi 100g","Puregro Whole egusi 100g",1.10000, ,1.10000,1.69000,,0.349110,,0, ,5056876201343,Grocery, , ,Standard, ,6489866, 
"AH Whole Egusi 200g","AH Whole Egusi 200g",1.90000, ,1.90000,2.99000,,0.364550,,0, ,5061069142488,Grocery, , ,Standard, ,6490034, 
"Puregro Whole Ogbonno 130g","Puregro Whole Ogbonno 130g",2.34000, ,2.34000,3.29000,,0.288750,,0, ,5056876201398,Grocery, , ,Standard, ,6490057, 
"Vitamaklt Ginger 6pk","Vitamaklt Ginger 6pk",6.30000, ,6.30000,8.50000,,0.258820,,0, ,737297000184,Drinks, , ,Standard, ,6490179, 
chivita,chivita,1.70000, ,1.70000,2.50000,,0.320000,,0, ,"6151100051219,6151100050564",Drinks, , ,Standard, ,6491400, 
"Leg Stone","Leg Stone",0.77000, ,0.77000,1.20000,,0.358330,,0, , , , , ,Standard, ,6503360, 
"Tiger blade","Tiger blade",0.60000, ,0.60000,0.99000,,0.393940,,0, , ,Grocery, , ,Standard, ,6503606, 
"Red Onion 4kg", ,1.79000, ,1.79000,2.50000,,0.284000,,0, , ,spice, , ,Standard, ,6540101, 
Catfish,Catfish,3.00000, ,3.00000,4.50000,,0.333330,,0, , ,Fish, , ,Weighed, ,6610340, 
"Unripe Plantain box","Unripe Plantain box",17.07000, ,17.07000,30.00000,,0.431000,,0, , ,Plantain, , ,Standard, ,6611217, 
"red potato","red potato",1.80000, ,1.80000,2.90000,,0.379310,,0, , ,Tubers, , ,Weighed, ,6611342, 
"Ginger Box","Ginger Box",29.00000, ,29.00000,37.00000,,0.216220,,0, , ,spice, , ,Standard, ,6611468, 
"Ginger 650g","Ginger 650g",4.00000, ,4.00000,5.50000,,0.272730,,0, , ,spice, , ,Weighed, ,6611565, 
Tilapia,Tilapia,3.20000, ,3.20000,4.50000,,0.288890,,0, , ,Fish, , ,Weighed, ,6615524, 
"Froyal hair","Froyal hair",12.00000, ,12.00000,15.99000,,0.249530,,0, , ,Hair, , ,Standard, ,6628707, 
"Crochet hair","Crochet hair",10.00000, ,10.00000,12.99000,,0.230180,,0, , ,Hair, , ,Standard, ,6628754, 
"B-Curl hair","B-Curl hair",7.50000, ,7.50000,9.99000,,0.249250,,0, , ,Hair, , ,Standard, ,6628776, 
"Modern Queen","Modern Queen",5.50000, ,5.50000,7.99000,,0.311640,,0, , ,Hair, , ,Standard, ,6628795, 
"Arike Waves","Awike Waves",5.00000, ,5.00000,6.99000,,0.284690,,0, , ,Hair, , ,Standard, ,6628820, 
"U-mi hair","U-mi hair",4.00000, ,4.00000,5.99000,,0.332220,,0, , ,Hair, , ,Standard, ,6628837, 
"Big Xpression","Big Xpression",10.00000, ,10.00000,12.99000,,0.230180,,0, , ,Hair, , ,Standard, ,6628876, 
"Small Xpression","Small Xpression",3.50000, ,3.50000,4.99000,,0.298600,,0, , ,Hair, , ,Standard, ,6628892, 
"Kinky Hair","Kinky Hair",4.00000, ,4.00000,5.99000,,0.332220,,0, , ,Hair, , ,Standard, ,6628916, 
"Kinky Big hair","Kinky Big hair",6.00000, ,6.00000,8.99000,,0.332590,,0, , ,Hair, , ,Standard, ,6628925, 
"French Curls","French Curls",6.00000, ,6.00000,9.99000,,0.399400,,0, , ,Hair, , ,Standard, ,6628946, 
"Boho/Ijoy Curls","Boho Curls",12.00000, ,12.00000,18.00000,,0.333330,,0, , ,Hair, , ,Standard, ,6628965, 
"Foax Locs","Foax Locs",10.00000, ,10.00000,15.00000,,0.333330,,0, , ,Hair, , ,Standard, ,6628979, 
"Passion Twist","Passion Twist",4.00000, ,4.00000,6.50000,,0.384620,,0, , ,Hair, , ,Standard, ,6628997, 
"Vietnamest hair","Vietnamest hair",8.00000, ,8.00000,11.99000,,0.332780,,0, , ,Hair, , ,Standard, ,6629018, 
"Rochet hair","Rochet hair",10.00000, ,10.00000,13.99000,,0.285200,,0, , ,Hair, , ,Standard, ,6629151, 
"Three D plus hair","Three D plus hair",10.00000, ,10.00000,14.99000,,0.332890,,0, , ,Hair, , ,Standard, ,6629164, 
"SMP Hair","SMP Hair",7.00000, ,7.00000,10.99000,,0.363060,,0, , ,Hair, , ,Standard, ,6629171, 
"Joy Collections","Joy Collections",5.00000, ,5.00000,7.99000,,0.374220,,0, , ,Hair, , ,Standard, ,6629256, 
"Weavon Softer","Weavon Softer",4.00000, ,4.00000,5.99000,,0.332220,,0, , ,Hair, , ,Standard, ,6629274, 
"Braidon hair","Braidon hair",10.00000, ,10.00000,14.99000,,0.332890,,0, , ,Hair, , ,Standard, ,6629285, 
"Darling Hair","Darling Hair",4.00000, ,4.00000,5.99000,,0.332220,,0, , ,Hair, , ,Standard, ,6629296, 
"Gold hair","Gold hair",6.00000, ,6.00000,8.99000,,0.332590,,0, , ,Hair, , ,Standard, ,6629306, 
"Jojo Waves","Jojo Waves",15.00000, ,15.00000,20.99000,,0.285370,,0, , ,Hair, , ,Standard, ,6629330, 
Lush,Lush,7.00000, ,7.00000,10.00000,,0.300000,,0, , ,Hair, , ,Standard, ,6629337, 
"Big Black lush","Big Black lush",10.00000, ,10.00000,14.50000,,0.310340,,0, , ,Hair, , ,Standard, ,6629411, 
"Adorable hair","Adorable hair",5.00000, ,5.00000,7.99000,,0.374220,,0, , ,Hair, , ,Standard, ,6629419, 
Waves,Waves,10.00000, ,10.00000,15.99000,,0.374610,,0, , ,Hair, , ,Standard, ,6629425, 
"Rainbow hair","Rainbow hair",20.00000, ,20.00000,30.99000,,0.354630,,0, , ,Hair, , ,Standard, ,6629445, 
"Water leaf","Water leaf",9.20000, ,9.20000,12.00000,,0.233330,,0, , ,vegetrables, , ,Weighed, ,6651729, 
"Pluvera box","Pluvera box",35.00000, ,35.00000,45.00000,,0.222220,,0, , ,"Frozen Protein", , ,Standard, ,6679156, 
"Pluvera Half Box","Pluvera Half Box",17.50000, ,17.50000,23.00000,,0.239130,,0, , ,"Frozen Protein", , ,Standard, ,6679161, 
"AH Sorrel Leaves","AH Sorrel Leaves",2.70000, ,2.70000,3.49000,,0.226360,,0, ,5061069145489,Grocery, , ,Standard, ,6679263, 
"African Queen Sardines","African Queen Sardines",0.70000, ,0.70000,1.00000,,0.300000,,0, ,3393710004916,Grocery, , ,Standard, ,6679280, 
Maltina,Maltina,10.99000, ,10.99000,13.99000,,0.214440,,0, , ,Groceries, , ,Standard, ,6680061, 
"Jafro Chin Chin 250g","Jafro Chin Chin 250g",1.42000, ,1.42000,1.99000,,0.286430,,0, ,634158847738,Grocery, , ,Standard, ,6680070, 
"Milo Asian 400g","Milo Asian 400g",3.00000, ,3.00000,3.99000,,0.248120,,0, ,8888082117722,Beverage, , ,Standard, ,6680104, 
"Hungryman noodle4s","Hungryman noodles",0.42000, ,0.42000,1.00000,,0.580000,,0, ,6156000147628,noodles, , ,Standard, ,6705517, 
"Hungryman 3","Hungryman 3",1.25000, ,1.25000,2.50000,,0.500000,,0, ,6156000147628,noodles, , ,Standard, ,6705537, 
"Indomie Superpasck","Indomie Superpasck",0.45000, ,0.45000,0.80000,,0.437500,,0, ,6156000147628,noodles, , ,Standard, ,6706562, 
"Superpack 3","Superpack 3",1.40000, ,1.40000,2.00000,,0.300000,,0, ,6156000147628,noodles, , ,Standard, ,6706570, 
"Puregro Red Peanut 1.5kg","Red Peanut",3.75000, ,3.75000,4.99000,,0.248500,,0, ,5061004299147,Grocery, , ,Standard, ,6706658, 
"Red Kidney Beans 2kg","Red Kidney Beans 2kg",3.75000, ,3.75000,4.99000,,0.248500,,0, ,5060331890737,Beans, , ,Standard, ,6706676, 
"Agbalumo 3","Agbalumo 3",1.70000, ,1.70000,2.50000,,0.320000,,0, , ,Fruit, , ,Standard, ,6706698, 
"Mackerel/Titus 20kg","Mackerel/Titus 20kg",85.00000, ,85.00000,100.00000,,0.150000,,0, , ,Fish, , ,Standard, ,6706784, 
"Salmon Boneless 600g","Salmon Boneless 600g",4.90000, ,4.90000,6.90000,,0.289860,,0, ,792649160275,Fish, , ,Standard, ,6706832, 
"Salmon steaks 160g","Salmon steaks 160g",4.50000, ,4.50000,6.50000,,0.307690,,0, ,792649160251,Fish, , ,Standard, ,6706898, 
"Tilapia steaks 1kg","Tilapia steaks 1kg",2.85000, ,2.85000,4.50000,,0.366670,,0, ,7141043777009,Fish, , ,Standard, ,6707222, 
"Palm wine/ Emu","Palm wine/ Emu",2.80000,NoTax,2.80000,3.70000,,0.243240,,0, ,6034000679076,Grocery, , ,Standard, ,6775294, 
"Acha/Fonio grain","Acha/Fonio grain",0.70000, ,0.70000,7.99000,,0.912390,,0, , ,flour, , ,Standard, ,6907475, 
"Long Pepper","Long Pepper",2.00000, ,2.00000,4.00000,,0.500000,,0, , ,Peppers, , ,Weighed, ,6908508, 
"Bournvita Big","Bournvita Big",8.70000, ,8.70000,10.99000,,0.208370,,0, ,7622210492135,Beverage, , ,Standard, ,6908636, 
"Lemon Juice","Lemon Juice",0.80000, ,0.80000,1.20000,,0.333330,,0, ,"5013635410774,5029788200773",Drinks, , ,Standard, ,6909323, 
"Half box of yam","Half box of yam",18.19000, ,18.19000,24.00000,,0.242080,,0, , , , , ,Standard, ,6994794, 
Abacha,Abacha,1.30000, ,1.30000,1.79000,,0.273740,,0, ,5061069140668,Grocery, , ,Standard, ,7037853, 
"AH Cocoyam fufu","AH Cocoyam fufu",2.20000, ,2.20000,2.99000,,0.264210,,0, ,5061069143294,flour, , ,Standard, ,7038307, 
"AH ground crayfish 150g","AH ground crayfish 150g",3.80000, ,3.80000,5.49000,,0.307830,,0, ,5061069146134,Grocery, , ,Standard, ,7038403, 
"Catfish Chunks smoked 300g","Catfish Chunks smoked 300g",7.60000, ,7.60000,10.99000,,0.308460,,0, ,5070003227204,Fish, , ,Standard, ,7038777, 
Meditrit-3,Meditrit-3,4.00000, ,4.00000,5.50000,,0.272730,,0, ,"69573521,69573514",Cream, , ,Standard, ,7040323, 
Beef,Beef,7.50000, ,7.50000,9.99000,,0.249250,,0, , ,"Frozen Protein", , ,Weighed, ,7040800, 
"Grill combo","Grill combo",75.00000, ,75.00000,100.00000,,0.250000,,0, , ,"Frozen Protein", , ,Standard, ,7080745, 
"Ah Catfish Ring Smoked 300g","Ah Catfish Ring Smoked 300g",7.50000, ,7.50000,10.49000,,0.285030,,0, ,5070003227259,Fish, , ,Standard, ,7098027, 
"Ah Honey Beans 1.5kg","Ah Honey Beans 1.5kg",4.59000, ,4.59000,5.99000,,0.233720,,0, ,5061069145045,Beans, , ,Standard, ,7098101, 
"Dalgety Camomile&Lemongrass Tea 40g","Dalgety Camomile&Lemongrass Tea 40g",1.84000, ,1.84000,2.50000,,0.264000,,0, ,6712670000610,Tea, , ,Standard, ,7098258, 
"Dalgety Cinnamon& pepeermint Tea","Dalgety Cinnamon& pepeermint Tea",1.84000, ,1.84000,2.50000,,0.264000,,0, ,6712670000603,Tea, , ,Standard, ,7098330, 
"Dalgety Goodnight sleep Tea 40g","Dalgety Goodnight sleep Tea 40g",2.40000, ,2.40000,3.20000,,0.250000,,0, ,6712670001105,Tea, , ,Standard, ,7098359, 
"Dalgety Green &Ginger Tea 40g","Dalgety Green &Ginger Tea 40g",1.70000, ,1.70000,2.50000,,0.320000,,0, ,6712670000634,Tea, , ,Standard, ,7098395, 
"Dalgety Ginseng & Ginger 122g","Dalgety Ginseng & Ginger 122g",2.41000, ,2.41000,3.10000,,0.222580,,0, ,6712670000894,Tea, , ,Standard, ,7098461, 
"Dalgety Mango Leaf Tea 40g","Dalgety Mango Leaf Tea 40g",1.70000, ,1.70000,2.50000,,0.320000,,0, ,6712670001129,Tea, , ,Standard, ,7098494, 
"Dalgety Moringa with ginger Tea 40g","Dalgety Moringa with ginger Tea 40g",2.40000, ,2.40000,3.20000,,0.250000,,0, ,6712670000672,Tea, , ,Standard, ,7098528, 
"Dalgety Neem Tea 40g","Dalgety Neem Tea 40g",1.70000, ,1.70000,2.50000,,0.320000,,0, ,6712670000962,Tea, , ,Standard, ,7098539, 
"Dalgety Pure Green tea 40g","Dalgety Pure Green tea 40g",1.70000, ,1.70000,2.50000,,0.320000,,0, ,6712670000436,Tea, , ,Standard, ,7098563, 
"Dalgety Pure moringa tea 40","Dalgety Pure moringa tea 40",2.40000, ,2.40000,3.20000,,0.250000,,0, ,6712670000719,Tea, , ,Standard, ,7098589, 
"Dalgety Pure Peppermint Tea 40g","Dalgety Pure Peppermint Tea 40g",1.70000, ,1.70000,2.50000,,0.320000,,0, ,6712670000283,Tea, , ,Standard, ,7098602, 
"Dalgety Tumeric &Ginger Tea 40g","Dalgety Tumeric &Ginger Tea 40g",2.40000, ,2.40000,3.20000,,0.250000,,0, ,6712670000948,Tea, , ,Standard, ,7098653, 
"Dalgety Pure Tumeric tea 40g","Dalgety Pure Tumeric tea 40g",1.70000, ,1.70000,2.50000,,0.320000,,0, ,6712670000924,Tea, , ,Standard, ,7098788, 
"Dalgety Tumeric &Black Pepper 40g","Dalgety Tumeric &Black Pepper 40g",1.70000, ,1.70000,2.50000,,0.320000,,0, ,6712670001082,Tea, , ,Standard, ,7098798, 
"DR BBQ Seasoning 600g","DR BBQ Seasoning 600g",3.83000, ,3.83000,4.99000,,0.232460,,0, ,5012389100245,seasoning, , ,Standard, ,7098844, 
"DR Curry Goat seasoning 100g","DR Curry Goat seasoning 100g",1.00000, ,1.00000,1.50000,,0.333330,,0, ,5012389673114,seasoning, , ,Standard, ,7098879, 
"Fufu Flakes 10k","Fufu Flakes 10k",35.99000, ,35.99000,45.99000,,0.217440,,0, ,8715017990900,flour, , ,Standard, ,7099027, 
"Gino Peppered tomato paste","Gino Peppered tomato paste",0.32000, ,0.32000,0.60000,,0.466670,,0, ,8410300369721,Groceries, , ,Standard, ,7101183, 
"Haffinique Peanut 510g","Haffinique Peanut 510g",2.50000, ,2.50000,3.99000,,0.373430,,0, ,6156000034201,Groceries, , ,Standard, ,7101237, 
"Kawun/Potash 200g","Kawun/Potash 200g",1.60000, ,1.60000,2.20000,,0.272730,,0, , ,Groceries, , ,Standard, ,7101293, 
"Megamalt 6pk","Megamalt 6pk",4.05000, ,4.05000,4.99000,,0.188380,,0, ,5029788216316,Drinks, , ,Standard, ,7101712, 
"Rajah Whole Black pepper","Rajah Whole Black pepper",2.20000, ,2.20000,2.99000,,0.264210,,0, , ,spice, , ,Standard, ,7102214, 
"Raja Cinamon stick(CASSIA BARK)","Raja Cinamon stick(CASSIA BARK)",0.75000, ,0.75000,1.00000,,0.250000,,0, ,5015821145149,spice, , ,Standard, ,7102246, 
"RG Shitto Extra Hot 350ml","RG Shitto Extra Hot 350ml",4.00000, ,4.00000,5.49000,,0.271400,,0, ,"5061069144673,5061069141986",spice, , ,Standard, ,7102264, 
"Spicity Chicken","Spicity Chicken",0.10000, ,0.10000,0.20000,,0.500000,,0, ,6156000101798,seasoning, , ,Standard, ,7102701, 
"Spicity Fried Rice","Spicity Fried Rice",0.07000, ,0.07000,0.10000,,0.300000,,0, ,6156000169958,spice, , ,Standard, ,7102778, 
"Tolly boy 20kg","Tolly boy 20kg",25.99000, ,25.99000,31.99000,,0.187560,,0, ,5015821126803,Rice, , ,Standard, ,7102853, 
"Wosiwosi peanut 500g","Wosiwosi peanut 500g",3.00000, ,3.00000,4.99000,,0.398800,,0, ,9702089202528,Groceries, , ,Standard, ,7102874, 
"Ts Beef Stock","Ts Beef Stock",3.17000, ,3.17000,3.99000,,0.205510,,0, ,5029788175002,seasoning, , ,Standard, ,7102917, 
"Ts Coconut Milk","Ts Coconut Milk",0.75000, ,0.75000,0.99000,,0.242420,,0, ,5029788197615,Groceries, , ,Standard, ,7102930, 
"Ts Instant Ginger Tea","Ts Instant Ginger Tea",1.90000, ,1.90000,2.99000,,0.364550,,0, ,5029788185506,Tea, , ,Standard, ,7103262, 
"Ts Jollof Rice Powder 1kg","Ts Jollof Rice Powder 1kg",4.20000, ,4.20000,5.50000,,0.236360,,0, ,5029788212257,seasoning, , ,Standard, ,7103272, 
"Ts Lamb Powder","Ts Lamb Powder",3.20000, ,3.20000,4.20000,,0.238100,,0, ,5029788175200,seasoning, , ,Standard, ,7103281, 
"Ts White Kiney Beans","Ts White Kiney Beans",1.45000, ,1.45000,1.99000,,0.271360,,0, ,5029788156407,Beans, , ,Standard, ,7103346, 
"Lasor Peppersoup 10g","Lasor Peppersoup 10g",0.09000, ,0.09000,0.20000,,0.550000,,0, ,"6156000109459,6156000109459",seasoning, , ,Standard, ,7103425, 
"Scent Leave","Scent Leave",2.00000, ,2.00000,3.00000,,0.333330,,0, , ,vegetrables, , ,Standard, ,7120967, 
Kokoro,Kokoro,1.50000, ,1.50000,2.00000,,0.250000,,0, ,3343124192808,Snack, , ,Standard, ,7123371, 
"Chicken wings","Chicken wings",18.00000, ,18.00000,23.99000,,0.249690,,0, , ,"Frozen Protein", , ,Standard, ,7123585, 
"Pomo 1kg","Smoked mask 1kg",4.61000, ,4.61000,5.99000,,0.230380,,0, , ,"Frozen Protein", , ,Standard, ,7168392, 
"Tilapia 500-800g","Tilapia 500-800g",4.50000, ,4.50000,9.99000,,0.549550,,0, ,787099234515,"Frozen Protein", , ,Standard, ,7168404, 
"shaki box(uncut) 10kg","shaki box(uncut) 10kg",27.50000, ,27.50000,38.00000,,0.276320,,0, , ,"Frozen Protein", , ,Standard, ,7168411, 
"chicken 1kg","chicken 1kg",1.70000, ,1.70000,2.99000,,0.431440,,0, , ,"Frozen Protein", , ,Standard, ,7168414, 
"Yellow Plantain Box","Yellow Plantain Box",40.70000, ,40.70000,50.00000,,0.186000,,0, , ,Groceries, , ,Standard, ,7169561, 
"Yellow plantain quater","Yellow plantain quater",10.34000, ,10.34000,13.50000,,0.234070,,0, , ,Groceries, , ,Standard, ,7169573, 
"Okpei 50g","Okpei 50g",4.10000, ,4.10000,5.99000,,0.315530,,0, , ,Groceries, , ,Standard, ,7170072, 
"Ugba 100g","Ugba 100g",2.22000, ,2.22000,2.99000,,0.257530,,0, , ,Groceries, , ,Standard, ,7170124, 
"Prekese 100g","Prekese 100g",1.00000, ,1.00000,1.99000,,0.497490,,0, , ,spice, , ,Standard, ,7170154, 
"Fresh Eggs Crate","Fresh Eggs Crate",5.00000, ,5.00000,6.50000,,0.230770,,0, , ,Groceries, , ,Standard, ,7170444, 
"Blueband 250g(small)","Blueband 250g(small)",1.60000, ,1.60000,2.50000,,0.360000,,0, ,6034000482584,Groceries, , ,Standard, ,7251990, 
Dates,Dates,1.00000, ,1.00000,1.50000,,0.333330,,0, , ,Groceries, , ,Standard, ,7252068, 
"Jack Mackerel/Kote Box","Jack Mackerel/Kote Box",32.00000, ,32.00000,48.00000,,0.333330,,0, , ,Fish, , ,Standard, ,7252332, 
"Jack Mckerel/Kote Half Box","Jack Mckerel/Kote Half Box",16.00000, ,16.00000,24.00000,,0.333330,,0, , ,Fish, , ,Standard, ,7252340, 
"Indomie Superpack box","Indomie Superpack box",10.99000, ,10.99000,13.99000,,0.214440,,0, , ,Groceries, , ,Standard, ,7278041, 
"Indomie Onion Superpack","Indomie Onion Superpack",13.50000, ,13.50000,16.99000,,0.205410,,0, , ,Groceries, , ,Standard, ,7278062, 
"Nkulenu Palm Soup Abemudro 780g","Nkulenu Palm Soup Abemudro 780g",3.63000, ,3.63000,4.99000,,0.272550,,0, ,"6034000022087,6034000022018",Groceries, , ,Standard, ,7278267, 
"Bean flour 4kg","Bean flour 4kg",9.30000, ,9.30000,12.99000,,0.284060,,0, ,5061004293374,flour, , ,Standard, ,7279363, 
"Puregro Cassva Dough 2kg","Puregro Cassva Dough",3.00000, ,3.00000,3.99000,,0.248120,,0, , ,Grocery, , ,Standard, ,7279507, 
"puregro chilli Powder","puregro chilli Powder",0.65000, ,0.65000,0.89000,,0.269660,,0, ,5061004299123,Groceries, , ,Standard, ,7279544, 
"Puregro Zomi Palm Oil 1Ltr","Puregro Zomi Palm Oil 1Ltr",2.75000, ,2.75000,3.79000,,0.274410,,0, ,5061004299741,Oil, , ,Standard, ,7281390, 
"TwoHues Extra Strong ginger 100g","TwoHues Extra Strong ginger 100g",0.70000, ,0.70000,0.99000,,0.292930,,0, ,5060331896999,Groceries, , ,Standard, ,7281466, 
"Red Onions 6kg","Red Onions 6kg",6.00000, ,6.00000,7.99000,,0.249060,,0, , ,vegetrables, , ,Standard, ,7416420, 
"Abacha 500g","Abacha 500g",4.00000, ,4.00000,5.50000,,0.272730,,0, , ,Grocery, , ,Standard, ,7417422, 
"Laquila Rice 20kg","Laquila Rice 20kg",33.99000, ,33.99000,40.99000,,0.170770,,0, , ,Rice, , ,Standard, ,7417586, 
Ewedu,Ewedu,1.60000, ,1.60000,2.00000,,0.200000,,0, , ,vegetrables, , ,Standard, ,7433965, 
"AH Chinchin Coconut 160g","AH Chinchin Coconut 160g",0.80000, ,0.80000,1.15000,,0.304350,,0, ,"5061069143430,5061069143355",Snack, , ,Standard, ,7634804, 
"AH Oat Fufu 4kg","Oat Fufu 4kg",7.00000, ,7.00000,8.99000,,0.221360,,0, ,5061069145847,flour, , ,Standard, ,7635092, 
"Ah Stockfish Fillet 350g","Ah Stockfish Fillet 350g",9.50000, ,9.50000,13.49000,,0.295770,,0, ,5061069142105,Fish, , ,Standard, ,7635120, 
"AH Wheat flour  4kg","AH Wheat flour  4kg",5.50000, ,5.50000,7.49000,,0.265690,,0, ,5061069142907,flour, , ,Standard, ,7635263, 
"Apple Snail 23og","Apple Snail 450g",3.25000, ,3.25000,5.99000,,0.457430,,0, ,3700818912102,"Frozen Protein", , ,Standard, ,7635288, 
"Derica 850g Box of 12", ,29.99000, ,29.99000,37.99000,,0.210580,,0, ,3700818912102,"Frozen Protein", , ,Standard, ,7635376, 
"Derica 210g Box of 24","Derica 210g Box of 24",20.99000, ,20.99000,26.99000,,0.222300,,0, ,180555102215,Grocery, , ,Standard, ,7635383, 
"Derica 400g Box of 24","Derica 400g Box of 24",31.99000, ,31.99000,39.99000,,0.200050,,0, ,18055510221598,Grocery, , ,Standard, ,7635397, 
"Jafro Chinchin Coconut 450g","Jafro Chinchin Coconut 450g",2.42000, ,2.42000,3.50000,,0.308570,,0, ,634158847608,Snack, , ,Standard, ,7635465, 
"Ts Coconut Peanut 330g (6)","Ts Coconut Peanut 330g (6)",16.50000, ,16.50000,20.99000,,0.213910,,0, ,05029788162484,Grocery, , ,Standard, ,7635596, 
"TS Fish Seasoning 1kg","TS Fish Seasoning 1kg",3.20000, ,3.20000,4.20000,,0.238100,,0, ,5029788175040,seasoning, , ,Standard, ,7635602, 
"Ts Tamarind pack 12","Ts Tamarind pack 12",13.19000, ,13.19000,16.99000,,0.223660,,0, ,05029788199671,Drinks, , ,Standard, ,7635628, 
"Knorr beef 2","Knorr beef 2",3.29000, ,3.29000,5.00000,,0.342000,,0, ,6154000010270,seasoning, , ,Standard, ,7635715, 
"Whole Crayfish 100g","Whole Crayfish 100g",2.50000, ,2.50000,3.50000,,0.285710,,0, ,1000013456756,Grocery, , ,Standard, ,7635775, 
"Whole Crayfish 200g","Whole Crayfish 200g",3.80000, ,3.80000,5.49000,,0.307830,,0, ,1002349001303,Grocery, , ,Standard, ,7635778, 
"Long pepper half","Long pepper half",4.00000, ,4.00000,5.00000,,0.200000,,0, , ,Peppers, , ,Standard, ,7739171, 
"Green Chilli 300g","Green Chilli",1.80000, ,1.80000,2.50000,,0.280000,,0, , ,Peppers, , ,Standard, ,7739192, 
"Goat Boneless 1kg","Goat Boneless 1kg",10.00000, ,10.00000,13.50000,,0.259260,,0, ,715706380072,"Frozen Protein", , ,Standard, ,7739255, 
"AB Palm Oil 1L","AB Palm Oil 1L",2.70000, ,2.70000,3.99000,,0.323310,,0, ,8718481570012,Oil, , ,Standard, ,7742863, 
"AB Palm Oil 2L","AB Palm Oil 2L",5.00000, ,5.00000,6.99000,,0.284690,,0, ,8718481577714,Oil, , ,Standard, ,7742872, 
"Honey Beans 10kg","Honey Beans 10kg",17.00000, ,17.00000,24.00000,,0.291670,,0, , ,Beans, , ,Standard, ,7742950, 
"Disha Easycook Rice 10kg","Disha Easycook Rice 10kg",8.99000, ,8.99000,10.99000,,0.181980,,0, ,5060398030541,Rice, , ,Standard, ,7743039, 
"Disha Easycook Rice 5kg","Disha Easycook Rice 5kg",4.99000, ,4.99000,5.99000,,0.166940,,0, ,"5060398030190,5060398030534",Rice, , ,Standard, ,7745918, 
"Action Bitters","Action Bitters",1.50000, ,1.50000,3.00000,,0.500000,,0, ,6154000141868,Drinks, , ,Standard, ,7749601, 
"Disha Fragrant Rice 5kg","Disha Fragrant Rice 5kg",5.50000, ,5.50000,6.99000,,0.213160,,0, ,5060398030190,Rice, , ,Standard, ,7749759, 
"Disha Golden Sella 20kg","Disha Golden Sella 20kg",25.99000, ,25.99000,32.99000,,0.212190,,0, ,5060398030640,Rice, , ,Standard, ,7749786, 
"Disha Golden Sella Rice 10kg","Disha Golden Sella Rice 10kg",13.99000, ,13.99000,15.99000,,0.125080,,0, ,5060398030244,Rice, , ,Standard, ,7749824, 
"Disha Golden Sella 5kg","Disha Golden Sella 5kg",6.99000, ,6.99000,8.99000,,0.222470,,0, ,5060398030237,Rice, , ,Standard, ,7749936, 
"Disha Hibiscus Flower 500g","Disha Hibiscus Flower 500g",3.50000, ,3.50000,4.99000,,0.298600,,0, ,5060398031791,Grocery, , ,Standard, ,7749961, 
"Disha Honeybeans 4kg","Disha Honeybeans 4kg",9.49000, ,9.49000,13.99000,,0.321660,,0, ,5060398030923,Beans, , ,Standard, ,7750013, 
"Disha Ijebu garri 4kg","Disha Ijebu garri 4kg",4.99000, ,4.99000,6.99000,,0.286120,,0, ,5060398030947,Garri, , ,Standard, ,7750043, 
"Disha Sunflower Oil 1L","Disha Sunflower Oil 1L",1.40000, ,1.40000,1.99000,,0.296480,,0, ,5060398030572,Oil, , ,Standard, ,7750058, 
"Disha Sunflower Oil 5L","Disha Sunflower Oil 5L",6.75000, ,6.75000,8.99000,,0.249170,,0, ,5060398030053,Oil, , ,Standard, ,7750095, 
"Disha vegetable Oil 3L","Disha vegetable Oil 3L",4.40000, ,4.40000,5.99000,,0.265440,,0, ,5060398032040,Oil, , ,Standard, ,7750110, 
"Volvic water 500ml","Evian water 500ml",0.28000, ,0.28000,0.50000,,0.440000,,0, ,3068320055008,Drinks, , ,Standard, ,7750127, 
"Mamas choice plantain fufu 624g","Mamas choice plantain fufu 624g",4.00000, ,4.00000,5.99000,,0.332220,,0, ,854141000203,flour, , ,Standard, ,7750253, 
"Tilda Golden sella 10kg","Tilda Golden sella 10kg",17.49000, ,17.49000,20.99000,,0.166750,,0, ,5011157997728,Rice, , ,Standard, ,7750540, 
"Tilda Golden Sella 5kg","Tilda Golden Sella 5kg",9.49000, ,9.49000,11.99000,,0.208510,,0, ,5011157997711,Rice, , ,Standard, ,7750565, 
HoneyHill,HoneyHill,2.71000, ,2.71000,3.50000,,0.225710,,0, , ,Drinks, , ,Standard, ,7750784, 
"Beef Shin","Beef Shin",8.55000, ,8.55000,10.99000,,0.222020,,0, ,0741813882888,"Frozen Protein", , ,Standard, ,7763005, 
"LadyB Custard 500g","LadyB Custard 500g",0.96000, ,0.96000,1.50000,,0.360000,,0, ,710154847443,flour, , ,Standard, ,7763115, 
"Jumbo Powder Box(10)","Jumbo Powder Box(10)",37.99000, ,37.99000,47.00000,,0.191700,,0, ,0108410300558040152028011060296103,seasoning, , ,Standard, ,7763134, 
"Cerelac Box 12","Cerelac Box 12",81.99000, ,81.99000,102.99000,,0.203900,,0, , ,Cereal, , ,Standard, ,7763183, 
"Goatmeat with skin 4.5kg","Goatmeat with skin 4.5kg",61.90000, ,61.90000,90.00000,,0.312220,,0, , ,"Frozen Protein", , ,Standard, ,7843767, 
"Tilapia box","Tilapia box",9.00000, ,9.00000,15.00000,,0.400000,,0, ,8125685625354,Peppers, , ,Standard, ,8001276, 
"2 Tilapia Box","2 Tilapia Box",18.00000, ,18.00000,25.00000,,0.280000,,0, ,8125685625354,Fish, , ,Standard, ,8002551, 
"DR Coconut milk 400ml","DR Coconut milk 400ml",0.92000, ,0.92000,1.50000,,0.386670,,0, ,5012389005014,Grocery, , ,Standard, ,8002707, 
"Ghana I ndeomie","Ghana I ndeomie",9.99000, ,9.99000,12.99000,,0.230950,,0, , ,noodles, , ,Standard, ,8002748, 
"Knorr Chicken Powder","Knorr Chicken Powder",2.42000, ,2.42000,3.10000,,0.219350,,0, ,6154000153755,seasoning, , ,Standard, ,8002816, 
"KTC Coconut Oil 1L","KTC Coconut Oil 1L",5.00000, ,5.00000,6.99000,,0.284690,,0, ,5013635482894,Oil, , ,Standard, ,8002845, 
"KTC Coconut Milk 400ml","KTC Coconut Milk 400ml",1.24000, ,1.24000,1.99000,,0.376880,,0, ,5013635330010,Oil, , ,Standard, ,8002873, 
"NT Banga Soup","NT Banga Soup",3.00000, ,3.00000,4.20000,,0.285710,,0, ,5060110133888,Oil, , ,Standard, ,8003644, 
"NT Palmoil 2L","NT Palmoil 2L",6.33000, ,6.33000,8.99000,,0.295880,,0, ,5060110131655,Oil, , ,Standard, ,8003673, 
"NT Palmoil 4L","NT Palmoil 4L",11.50000, ,11.50000,15.99000,,0.280800,,0, ,5060110135585,Oil, , ,Standard, ,8003702, 
"NT Palmoil 500ml","NT Palmoil 500ml",2.20000, ,2.20000,3.00000,,0.266670,,0, ,5060110131662,Oil, , ,Standard, ,8003727, 
"Nawras Tomato Paste 800g","Nawras Tomato Paste 800g",1.25000, ,1.25000,1.99000,,0.371860,,0, ,8698995514934,Groceries, , ,Standard, ,8034517, 
"Uganda Pepper","Uganda Pepper 4kg",23.20000, ,23.20000,32.00000,,0.275000,,0, , ,spice, , ,Standard, ,8067885, 
"Yellow Pepper 3.8kg","Yellow Pepper 3.8kg",32.00000, ,32.00000,42.00000,,0.238100,,0, , ,Peppers, , ,Standard, ,8068344, 
"Yellow Bell Pepper","Yellow Bell Pepper",2.40000, ,2.40000,11.00000,,0.781820,,0, , ,Peppers, , ,Weighed, ,8068359, 
"Green big chilli","Green big chilli",4.00000, ,4.00000,5.50000,,0.272730,,0, , ,Peppers, , ,Weighed, ,8068388, 
Cassava,Cassava,3.60000, ,3.60000,4.70000,,0.234040,,0, , ,Tubers, , ,Weighed, ,8068504, 
"Half rodo/Hot Pepper 1.8kg", ,11.82000, ,11.82000,15.00000,,0.212000,,0, , ,Peppers, , ,Standard, ,8068557, 
Spinach,Spinach,0.65000, ,0.65000,0.90000,,0.277780,,0, , ,vegetrables, , ,Standard, ,8123453, 
"Spinach 3","Spinach 3",1.95000, ,1.95000,2.50000,,0.220000,,0, , ,vegetrables, , ,Standard, ,8123474, 
"Raw Peanut 1kg","Raw Peanut 1kg",5.22000, ,5.22000,6.99000,,0.253220,,0, , ,Grocery, , ,Standard, ,8123564, 
"Half Plantain Chips","Half Plantain Chips",8.00000, ,8.00000,10.50000,,0.238100,,0, , ,snacks, , ,Standard, ,8123723, 
"Bittercola 3","Bittercola 3",0.80000, ,0.80000,1.00000,,0.200000,,0, , , , , ,Standard, ,8123731, 
"Ah yellow Corn Dough 1kg","Ah Corn Dough",1.42000, ,1.42000,1.99000,,0.286430,,0, ,5061069141085,Frozen, , ,Standard, ,8211820, 
"AH Jumbo Oats 3kg","AH Jumbo Oats 3kg",5.25000, ,5.25000,6.99000,,0.248930,,0, ,5061069146264,Cereal, , ,Standard, ,8211830, 
"AH Tigernuts 100g","AH Tigernuts 100g",1.30000, ,1.30000,1.99000,,0.346730,,0, ,5061069146172,snacks, , ,Standard, ,8211846, 
"Apple Hair Food Cream 650ml","Apple Hair Food Cream 650ml",4.80000, ,4.80000,6.99000,,0.313300,,0, ,6156000100821,Cream, , ,Standard, ,8211888, 
"Checkers Peanut","Checkers Peanut",0.33000, ,0.33000,0.50000,,0.340000,,0, ,697777774533,Snack, , ,Standard, ,8211947, 
"Checkers Custard milk 1.5kg","Checkers Custard milk 1.5kg",6.70000, ,6.70000,8.99000,,0.254730,,0, ,714084860084,Cereal, , ,Standard, ,8211985, 
"PB Stockfish Head","PB Stockfish Head",9.00000, ,9.00000,12.99000,,0.307160,,0, ,5060398033702, , , ,Standard, ,8212150, 
"IB Peeled Beans 4kg","IB Peeled Beans 4kg",7.20000, ,7.20000,9.99000,,0.279280,,0, ,5061069144390,Beans, , ,Standard, ,8212214, 
"Soulmate 650ml","Soulmate 650ml",4.90000, ,4.90000,7.50000,,0.346670,,0, ,6156000033815,Cream, , ,Standard, ,8212274, 
"Tondi Peanut","Tondi Peanut",2.50000, ,2.50000,3.99000,,0.373430,,0, , ,snacks, , ,Standard, ,8212297, 
"Dees Creamed Coconut 200g","Dees Creamed Coconut 200g",1.13000, ,1.13000,1.49000,,0.241610,,0, ,782706857644,Grocery, , ,Standard, ,8212376, 
"Setara Brown Basmatti Rice","Setara Brown Basmatti Rice",8.99000, ,8.99000,10.99000,,0.181980,,0, ,5065009530076,Rice, , ,Standard, ,8212428, 
"DR dried thyme 30g","DR dried thyme 30g",0.88000, ,0.88000,1.30000,,0.323080,,0, , ,spice, , ,Standard, ,8212445, 
"DR Curry 100g","DR Curry 100g",0.88000, ,0.88000,1.30000,,0.323080,,0, ,5012389670045,spice, , ,Standard, ,8212459, 
"Puregro Garlic Paste 1kg","Garlic Paste 1kg",2.20000, ,2.20000,2.89000,,0.238750,,0, ,5061004298232,spice, , ,Standard, ,8212699, 
"Puregro garlic Paste 283g","Puregro garlic Paste 283g",1.10000, ,1.10000,1.49000,,0.261740,,0, ,5061004298225,spice, , ,Standard, ,8212716, 
"Puregro ginger&garlic paste 1kg","Puregro ginger&garlic padte 1kg",2.10000, ,2.10000,2.89000,,0.273360,,0, , ,spice, , ,Standard, ,8212727, 
"Puregro ginger&garlic paste 283g","Puregro ginger&garlic paste 283g",1.10000, ,1.10000,1.49000,,0.261740,,0, ,5061004298263,spice, , ,Standard, ,8212739, 
"Puregro Ginger Paste 1kg","Puregro Ginger Paste 1kg",2.20000, ,2.20000,2.89000,,0.238750,,0, ,5061004298256,spice, , ,Standard, ,8212756, 
"Puregro ginger Paste 283g","Puregro ginger Paste 283g",1.10000, ,1.10000,1.49000,,0.261740,,0, ,5061004298249,spice, , ,Standard, ,8212771, 
"Enjoy Mango drink","Enjoy Mango drink",0.92000, ,0.92000,1.89000,,0.513230,,0, ,6221010201018,Drinks, , ,Standard, ,8256690, 
"Kidney 1kg","Kidney 1kg",1.90000, ,1.90000,2.99000,,0.364550,,0, , ,"Frozen Protein", , ,Weighed, ,8313185, 
"Prime wings","Prime wings",28.00000, ,28.00000,37.99000,,0.262960,,0, , ,"Frozen Protein", , ,Standard, ,8313935, 
"Puregro Red Peanut 375g","Puregro Red Peanut 375g",1.10000, ,1.10000,1.49000,,0.261740,,0, ,"5061004291554,5061004299833",Grocery, , ,Standard, ,8315370, 
"Puregro smoked Mackerel 300g","Puregro smoked Mackerel 300g",6.24000, ,6.24000,8.99000,,0.305900,,0, ,5056876203033,Fish, , ,Standard, ,8315388, 
"Puregro Yellow Garri 3.5kg","Puregro Yellow Garri 3.5kg",5.60000, ,5.60000,7.49000,,0.252340,,0, ,5061004298416,Garri, , ,Standard, ,8315453, 
"Carowhite 500ml","Carowhite 500ml",2.00000, ,2.00000,2.99000,,0.331100,,0, ,6181100530049,Cream, , ,Standard, ,8315475, 
"Carowhite tube 500ml","Carowhite tube 500ml",1.70000, ,1.70000,2.50000,,0.320000,,0, ,6181100530001,Cream, , ,Standard, ,8315510, 
"Disha Himalyan salt 500g","Disha Himalyan salt 500g",0.90000, ,0.90000,1.20000,,0.250000,,0, ,5060398030343,seasoning, , ,Standard, ,8538666, 
"Disha Pounded yam 4kg","Disha Pounded yam 4kg",8.49000, ,8.49000,9.99000,,0.150150,,0, ,5060398030916,flour, , ,Standard, ,8538668, 
"Disha Whole Cloves 60g","Disha Whole Cloves 60g",1.25000, ,1.25000,1.70000,,0.264710,,0, ,5060398032767,spice, , ,Standard, ,8538670, 
"Disha Honey Beans 1.5kg","Disha Honey Beans 1.5kg",5.00000, ,5.00000,6.99000,,0.284690,,0, , ,Beans, , ,Standard, ,8538679, 
"Beef Tozo","Beef Tozo",10.10000, ,10.10000,13.99000,,0.278060,,0, , ,"Frozen Protein", , ,Weighed, ,8538692, 
"Goat meat 1kg","Goat meat 1kg",6.50000, ,6.50000,8.99000,,0.276970,,0, , ,"Frozen Protein", , ,Weighed, ,8538702, 
"Pounded Oat Flour","Pounded Oat Flour",4.00000, ,4.00000,5.99000,,0.332220,,0, ,5010026518248,"Frozen Protein", , ,Standard, ,8576833, 
"Round Catfish","Round Catfish",8.38000, ,8.38000,10.99000,,0.237490,,0, ,5060645755852,Fish, , ,Standard, ,8578444, 
Egg,Egg,2.70000, ,2.70000,3.20000,,0.156250,,0, ,5024368140500, , , ,Standard, ,8652327, 
"AF Banga Soup","AF Banga Soup",2.75000, ,2.75000,3.99000,,0.310780,,0, ,5029788188156,Groceries, , ,Standard, ,8655019, 
"AH Cassava Flour 5kg","AH Cassava Flour 5kg",5.99000, ,5.99000,8.99000,,0.333700,,0, ,5061069145571,flour, , ,Standard, ,8655759, 
"AH Corn Dough 2kg","AH Corn Dough 2kg",2.84000, ,2.84000,3.99000,,0.288220,,0, ,5061069141108,Groceries, , ,Standard, ,8655890, 
"AH Ground Egusi 100g","AH Ground Egusi",1.00000, ,1.00000,1.69000,,0.408280,,0, ,5061069142464,Groceries, , ,Standard, ,8655953, 
"Ah Oatfufu 1.5kg","Ah Oatfufu 1.5kg",2.70000, ,2.70000,3.75000,,0.280000,,0, ,5061069145823, , , ,Standard, ,8656211, 
"AH Dried Scent leaves","AH Scent leaves",1.00000, ,1.00000,1.39000,,0.280580,,0, ,5061069141849,Groceries, , ,Standard, ,8656385, 
"AH Stockfish Cod 150g","AH Stockfish Cod 150g",5.50000, ,5.50000,7.49000,,0.265690,,0, ,5061069142020,Groceries, , ,Standard, ,8656414, 
"AH Stockfish Fillets 100g","AH Stockfish Fillets 100g",2.80000, ,2.80000,3.99000,,0.298250,,0, ,5061069142068,Fish, , ,Standard, ,8656432, 
"AH Stockfish fillet 200g","AH Stockfish fillet 200g",5.40000, ,5.40000,7.99000,,0.324160,,0, ,5061069142082,Fish, , ,Standard, ,8656439, 
"AH Stockfish Steak 100g","Stockfish Steak 100g",2.70000, ,2.70000,3.79000,,0.287600,,0, ,5061069142129,Fish, , ,Standard, ,8656448, 
"AH Yam flour 3.5kg","AH Yam flour 3.5kg",8.00000, ,8.00000,10.99000,,0.272070,,0, ,5061069142945,flour, , ,Standard, ,8656495, 
"AH Yellow Corn Dough Box(12x1kg)","AH Yellow Corn Dough Box(12x1kg)",18.99000, ,18.99000,22.99000,,0.173990,,0, ,5061069142594,Groceries, , ,Standard, ,8704284, 
"AH Semolina 1.5kg","AH Semolina 1.5kg",2.60000, ,2.60000,3.49000,,0.255010,,0, ,5061069146615,flour, , ,Standard, ,8704319, 
"Dalgety Chai Masala Tea 72g","Dalgety Chai Masala Tea 72g",1.70000, ,1.70000,2.50000,,0.320000,,0, ,6712670000627,Tea, , ,Standard, ,8704665, 
"Dalgety Effective Slimline Tea 40g","Dalgety Effective Slimline Tea 40g",2.70000, ,2.70000,3.50000,,0.228570,,0, ,6712670000641,Tea, , ,Standard, ,8704700, 
"Dalgety Instant Ginger with Honey 9g","Dalgety Instant Ginger with Honey 9g",3.00000, ,3.00000,3.99000,,0.248120,,0, ,"6712670000832,6712670000429",Tea, , ,Standard, ,8704758, 
"Dalgety Sorrel Hibiscus &ginger Tea","Dalgety Sorrel Hibiscus &ginger Tea",1.70000, ,1.70000,2.50000,,0.320000,,0, ,6712670000849,Tea, , ,Standard, ,8704803, 
"Derica 800g Box of 12","Derica 800g Box of 12",29.99000, ,29.99000,37.99000,,0.210580,,0, ,18055510221604,Groceries, , ,Standard, ,8704825, 
"Detol Soap (Cool)","Detol Soap (Cool)",1.40000, ,1.40000,1.80000,,0.222220,,0, ,6151100283375,soap, , ,Standard, ,8704834, 
"Golden Morn 300g Box","Golden Morn 300g Box",17.99000, ,17.99000,22.99000,,0.217490,,0, ,06033000681508,Groceries, , ,Standard, ,8704912, 
"Onga Chicken Cubea","Onga Chicken Cubea",1.00000, ,1.00000,1.50000,,0.333330,,0, ,6008155009187,seasoning, , ,Standard, ,8705132, 
"Pegasus Table Salt 750g","Pegasus Table Salt 750g",1.20000, ,1.20000,1.70000,,0.294120,,0, ,5029788161074,Groceries, , ,Standard, ,8705143, 
"Tiger dried thyme box","Tiger dried thyme box",15.99000, ,15.99000,19.99000,,0.200100,,0, , ,spice, , ,Standard, ,8705163, 
"Tiger dried thyme","Tiger dried thyme",0.07000, ,0.07000,0.20000,,0.650000,,0, ,8901806001210,spice, , ,Standard, ,8705166, 
"TS Carassie Tea","TS Carassie Tea",1.42000, ,1.42000,1.99000,,0.286430,,0, ,5029788209387,Tea, , ,Standard, ,8705227, 
"TS Coconut Water","TS Coconut Water",1.30000, ,1.30000,1.80000,,0.277780,,0, ,5029788175248,Drinks, , ,Standard, ,8705232, 
"TS Instant Lemon & Ginger Tea","TS Instant Lemon & Ginger Tea",2.54000, ,2.54000,3.99000,,0.363410,,0, ,5029788196694,Tea, , ,Standard, ,8705235, 
"TS Milk Powder 2.5kg","TS Milk Powder 2.5kg",17.50000, ,17.50000,22.99000,,0.238800,,0, ,5029788204726,Milk, , ,Standard, ,8705238, 
Coke/Sprite,Coke/Sprite,0.59000, ,0.59000,1.00000,,0.410000,,0, ,54490123,Drinks, , ,Standard, ,8705249, 
"AH Bean Flour 1.5kg","AH Bean Flour 1.5kg",3.40000, ,3.40000,4.99000,,0.318640,,0, ,5061069142709,flour, , ,Standard, ,8705253, 
"AH Suya Mix 80g","AH Suya Mix 80g",1.30000, ,1.30000,1.99000,,0.346730,,0, ,5061069142242,spice, , ,Standard, ,8705255, 
"AH Catfish steak 900g","AH Catfish steak 900g",2.50000, ,2.50000,3.50000,,0.285710,,0, ,5070003227204,Fish, , ,Standard, ,8705257, 
"Shumba Maheu","Shumba Maheu",1.31000, ,1.31000,1.99000,,0.341710,,0, ,"6009702251387,6009702251561",Drinks, , ,Standard, ,8705268, 
"Thingz Pack of 8","Thingz Pack of 8",13.03000, ,13.03000,16.99000,,0.233080,,0, ,46007497000867,Groceries, , ,Standard, ,8705269, 
Thingz,Thingz,1.63000, ,1.63000,2.20000,,0.259090,,0, ,6007497000869,Groceries, , ,Standard, ,8705270, 
"Puregro Honey Beans 1.5kg","Puregro Honey Beans kg",4.34000, ,4.34000,5.99000,,0.275460,,0, ,5056876203064,Beans, , ,Standard, ,8705277, 
"Amstel Malt","Amstel Malt",0.55000, ,0.55000,1.00000,,0.450000,,0, ,5025866000082,Drinks, , ,Standard, ,8705282, 
"Nido Milk 2.5kg","Nido Milk 2.5kg",20.00000, ,20.00000,25.00000,,0.200000,,0, ,8715000931842,Milk, , ,Standard, ,8705340, 
"Elton’s Chinchin","Elton’s Chinchin",3.50000, ,3.50000,4.50000,,0.222220,,0, ,5070004251901,Snack, , ,Standard, ,8705349, 
"Kambucha box of 12","Kambucha Box of 12",26.02000, ,26.02000,32.99000,,0.211280,,0, , ,Drinks, , ,Standard, ,8741318, 
Kambucha,Kambucha,2.17000, ,2.17000,2.99000,,0.274250,,0, ,765105956675,Drinks, , ,Standard, ,8741370, 
Jupiter,Jupiter,1.63000, ,1.63000,2.50000,,0.348000,,0, ,46007497001062,Groceries, , ,Standard, ,8741403, 
Pinenut&Cherry,Pinenut&Cherry,1.10000, ,1.10000,1.50000,,0.266670,,0, ,5449000148612,Drinks, , ,Standard, ,8742257, 
"Cheeky Chilli","Cheeky Chilli",1.96000, ,1.96000,2.50000,,0.216000,,0, ,6004809000043,spice, , ,Standard, ,8742289, 
"Panla/Ejakika 5kg","Panla/Ejakika 5kg",10.00000, ,10.00000,18.00000,,0.444440,,0, , ,Fish, , ,Standard, ,8742335, 
"Panla 10kg","Panla 10kg",20.00000, ,20.00000,34.00000,,0.411760,,0, , ,Fish, , ,Standard, ,8742345, 
"Lion Brand Curry&thyme 6","Lion Brand Curry&thyme 6",3.13000, ,3.13000,5.00000,,0.374000,,0, ,"5010285157394,5010285115226",spice, , ,Standard, ,8777751, 
Ube,Ube,3.22000, ,3.22000,5.00000,,0.356000,,0, , ,Groceries, , ,Standard, ,8823321, 
"Cocoyam kg","Cocoyam kg",2.67000,20VAT,3.20400,4.80000,,0.332500,,0, , , , , ,Weighed, ,8903264, 
"Abuja Bread","Abuja Bread",1.71000,20VAT,2.05200,2.64000,,0.222730,,0, , ,Groceries, , ,Standard, ,8912254, 
"Niji Fufu 1kg","Niji Fufu 1kg",2.50000,NoTax,2.50000,3.99000,,0.373430,,0, ,6156000102399,flour, , ,Standard, ,9183252, 
"Okomu Palm Oil 1L","Okomu Palm Oil 1L",2.70000,NoTax,2.70000,3.99000,,0.323310,,0, , , , , ,Standard, ,9183553, 
"Calabar chalk","Calabar chalk",6.00000,NoTax,6.00000,10.00000,,0.400000,,0, , , , , ,Weighed, ,9183564, 
"Okomu Palm Oil 5L","Okomu Palm Oil",11.50000,NoTax,11.50000,15.99000,,0.280800,,0, , ,Oil, , ,Standard, ,9183864, 
"Malta Guiness Bottle box","Malta Guiness Bottle",13.99000,NoTax,13.99000,17.99000,,0.222350,,0, , ,Drinks, , ,Standard, ,9326909, 
"Badia Coriander 49g","Badia Coriander 49g",1.12000,NoTax,1.12000,1.50000,,0.253330,,0, ,033844002039,spice, , ,Standard, ,9326979, 
"Badia Cumin Whole 453g","Badia Cumin",6.20000,NoTax,6.20000,7.99000,,0.224030,,0, ,033844005825, , , ,Standard, ,9327116, 
"Dr All Purpose Seasoning","Dr All Purpose Seasoning",3.59000,NoTax,3.59000,4.50000,,0.202220,,0, ,5012389100214,spice, , ,Standard, ,9327283, 
"KTC Sunflower Oil 5L","KTC Sunflower Oil 5L",8.00000,NoTax,8.00000,9.99000,,0.199200,,0, ,5013635606603,Oil, , ,Standard, ,9327491, 
"Parle G Biscuit 90g","Parle G Biscuit 90g",0.15000,NoTax,0.15000,0.20000,,0.250000,,0, ,8901719134852,Snack, , ,Standard, ,9327569, 
"Black Eye  Beans 25kg","Black Eye  Beans 25kg",31.99000,NoTax,31.99000,44.99000,,0.288950,,0, , ,Beans, , ,Standard, ,9327612, 
"Black Eye  Beans 10kg","Black Eye  Beans 10kg",12.80000,NoTax,12.80000,18.99000,,0.325960,,0, , ,Beans, , ,Standard, ,9327636, 
"Puregro Cayenne Pepper 300g","Puregro Cayenne Pepper 300g",2.05000,NoTax,2.05000,2.99000,,0.314380,,0, ,5060331891277,spice, , ,Standard, ,9327661, 
"Puregro Demerara Sugar 650g","Puregro Demerara Sugar 650g",1.10000,NoTax,1.10000,1.49000,,0.261740,,0, ,5061004298522,Grocery, , ,Standard, ,9328590, 
"Puregro Hibiscus Sorrel 750ml","Puregro Hibiscus Sorrel 750ml",2.25000,NoTax,2.25000,2.99000,,0.247490,,0, , , , , ,Standard, ,9328629, 
"Purgro Lemongrass Tea 40g","Purgro Lemongrass Tea 40g",1.20000,NoTax,1.20000,1.79000,,0.329610,,0, ,5061004295910, , , ,Standard, ,9328645, 
"Puregro Nutmeg ground","Puregro Nutmeg ground",1.60000,NoTax,1.60000,2.39000,,0.330540,,0, ,5060331890300, , , ,Standard, ,9328656, 
"Puregro Semolina Coarse 4kg","Puregro Semolina Coarse 4kg",5.95000,NoTax,5.95000,7.49000,,0.205610,,0, ,5060331898702, , , ,Standard, ,9328677, 
"Yale Cabin Biscuit","Yale Cabin Biscuit",1.50000,NoTax,1.50000,1.99000,,0.246230,,0, ,6156000106809, , , ,Standard, ,9328753, 
"Bell Pepper","Bell Pepper",10.93000,NoTax,10.93000,13.99000,,0.218730,,0, , ,Peppers, , ,Standard, ,9329818, 
"Puregro Whole Cloves 100g","Puregro Whole Cloves 100g",1.90000,NoTax,1.90000,2.49000,,0.236950,,0, ,5061004292513, , , ,Standard, ,9332636, 
"Ground Crayfish 500g","Ground Crayfish 500g",12.71000,NoTax,12.71000,16.99000,,0.251910,,0, , , , , ,Standard, ,9372903, 
"Egusi whole 1Kg","Egusi whole 1Kg",9.80000,NoTax,9.80000,12.99000,,0.245570,,0, ,5060087824178,Groceries, , ,Standard, ,9372909, 
"White Corn 1kg","White Corn 1kg",3.82000,NoTax,3.82000,5.50000,,0.305450,,0, , , , , ,Standard, ,9372939, 
"Yellow Corn 1kg","Yellow Corn 1kg",3.82000,NoTax,3.82000,5.50000,,0.305450,,0, , , , , ,Standard, ,9372945, 
"Turning/Eba Stick","Turning/Eba Stick",1.63000,NoTax,1.63000,2.50000,,0.348000,,0, , , , , ,Standard, ,9372982, 
"Stock fish Head","Stock fish Head",3.81000,NoTax,3.81000,5.99000,,0.363940,,0, , , , , ,Standard, ,9372988, 
"Stockfish Ear","Stockfish Ear",2.81000,NoTax,2.81000,3.99000,,0.295740,,0, , , , , ,Standard, ,9372993, 
"Dried Pepper 1kg","Dried Pepper 1kg",6.00000,NoTax,6.00000,8.50000,,0.294120,,0, , , , , ,Standard, ,9372997, 
Sieves, ,2.18000,NoTax,2.18000,2.99000,,0.270900,,0, , , , , ,Standard, ,9373059, 
Spoon,Spoon,1.10000,NoTax,1.10000,1.50000,,0.266670,,0, , , , , ,Standard, ,9373063, 
Ijabe,Ijabe,1.64000,NoTax,1.64000,2.50000,,0.344000,,0, , , , , ,Standard, ,9373072, 
"Moimoi Plate 12pcs","Moimpi Plate 12pcs",9.13000,NoTax,9.13000,11.80000,,0.226270,,0, , , , , ,Standard, ,9373106, 
"Ghana gari 20kg","Ghana gari 20kg",20.00000,NoTax,20.00000,27.00000,,0.259260,,0, ,854141000562, , , ,Standard, ,9373155, 
"Mamas choice Banga Soup 800g","Mamas choice Banga Soup 800g",3.10000,NoTax,3.10000,4.20000,,0.261900,,0, ,854141000579, , , ,Standard, ,9373169, 
"Disha Black eye beans 4kg","Disha Black eye beans 4kg",5.99000,NoTax,5.99000,7.99000,,0.250310,,0, ,5060398031999, , , ,Standard, ,9373203, 
"Disha Black eye beans 1.5kg","Disha Black eye beans 1.5kg",2.70000,NoTax,2.70000,3.99000,,0.323310,,0, ,5060398031975, , , ,Standard, ,9373212, 
"Bama Big","Bama Big",4.54000,NoTax,4.54000,6.99000,,0.350500,,0, ,"8410300370970,8410300367673",Grocery, , ,Standard, ,9403030, 
"Winosa Big",Winosa,9.10000,NoTax,9.10000,12.99000,,0.299460,,0, ,783495062158, , , ,Standard, ,9403066, 
"Winosa Small","Winosa Small",2.91000,NoTax,2.91000,4.50000,,0.353330,,0, ,781584384976, , , ,Standard, ,9403084, 
"Yellow Plantain Half Box","Yellow Plantain Half Box",20.00000,NoTax,20.00000,27.00000,,0.259260,,0, , , , , ,Standard, ,9403179, 
"Green Pepper/Rodo","Green Pepper/Rodo",4.72000,NoTax,4.72000,7.50000,,0.370670,,0, , , , , ,Weighed, ,9403336, 
"Lal Quilla Rice 20kg","Lal Quilla Rice 20kg",33.99000,NoTax,33.99000,40.99000,,0.170770,,0, , ,Rice, , ,Standard, ,9408876, 
"Ghana Taste Cassava Dough 1kg","Ghana Taste Cassava Dough 1kg",1.80000, ,1.80000,2.99000,,0.397990,,0, ,5060110142248,Grocery, , ,Standard, ,9409485, 
"GT Zomi Oil 500ml","GT Zomi Oil 500ml",2.20000, ,2.20000,2.99000,,0.264210,,0, ,5060110131716,Oil, , ,Standard, ,9409521, 
"KTC Vegetable Oil 5L","KTC Vegetable Oil 5L",8.00000, ,8.00000,10.99000,,0.272070,,0, ,5013635101443,Oil, , ,Standard, ,9409664, 
"KTC Vegetable 3L","KTC Vegetable 3L",6.50000, ,6.50000,7.99000,,0.186480,,0, ,5013635106301,Oil, , ,Standard, ,9409688, 
"KTC Vegetable Oil 1L","KTC Vegetable Oil 1L",2.00000, ,2.00000,2.65000,,0.245280,,0, ,5013635106028,Oil, , ,Standard, ,9409711, 
"Zomi Palm Oil 4L","Zomi Palm Oil 4L",11.25000, ,11.25000,14.99000,,0.249500,,0, ,5060110135660,Oil, , ,Standard, ,9409926, 
"Beef trip uncut 5kg","Beef trip uncut 5kg",13.75000, ,13.75000,20.00000,,0.312500,,0, , ,"Frozen Protein", , ,Standard, ,9486006, 
"Beef Tongue","Beef Tongue",6.50000, ,6.50000,8.99000,,0.276970,,0, , ,"Frozen Protein", , ,Standard, ,9486055, 
"Boneless Cowfoot 10kg","Boneless Cowfoot 10kg",54.50000, ,54.50000,70.00000,,0.221430,,0, , ,"Frozen Protein", , ,Standard, ,9486086, 
"Boneless Cowfoot 5kg","Boneless Cowfoot 5kg",27.25000, ,27.25000,35.00000,,0.221430,,0, , ,"Frozen Protein", , ,Standard, ,9486095, 
"Smoked Mask 1kg","Smoked Turkey 1kg",1.50000, ,1.50000,3.99000,,0.624060,,0, , ,"Frozen Protein", , ,Weighed, ,9490837, 
"Smoked Mask/Pomo 1kg","Smoked Mask/Pomo 1kg",1.50000, ,1.50000,3.99000,,0.624060,,0, , ,"Frozen Protein", , ,Weighed, ,9490868, 
"Honey Beans 5kg","Honey Beans 5kg",8.50000, ,8.50000,15.00000,,0.433330,,0, , ,Beans, , ,Standard, ,9490888, 
Lacasera,Lacasera,0.48000, ,0.48000,1.00000,,0.520000,,0, ,5060626030015,Drinks, , ,Standard, ,9561846, 
"Hollandia Yoghurt","Hollandia Yoghurt",3.42000, ,3.42000,4.99000,,0.314630,,0, , ,Drinks, , ,Standard, ,9561886, 
Chelsea,Chelsea,3.42000, ,3.42000,5.00000,,0.316000,,0, ,6154000141882,Drinks, , ,Standard, ,9561914, 
Elder,Elder,3.42000, ,3.42000,5.00000,,0.316000,,0, , ,Drinks, , ,Standard, ,9562011, 
"Yellow/Green Pepper half 1.7kg","Yellow Pepper half 1.7kg",16.00000, ,16.00000,21.00000,,0.238100,,0, , ,Peppers, , ,Standard, ,9562869, 
"Water Yam Box","Water Yam Box",56.00000, ,56.00000,73.00000,,0.232880,,0, , ,Tubers, , ,Standard, ,9562917, 
"AH Cassava Dough 1kg","AH Cassava Dough 1kg",1.42000, ,1.42000,1.99000,,0.286430,,0, , ,Grocery, , ,Standard, ,9563366, 
"AH Corn Dough 2kg box of 6","AH Corn Dough 2kg box of 6",16.99000, ,16.99000,20.99000,,0.190570,,0, ,5061069141092,Grocery, , ,Standard, ,9563437, 
"AH Kenkey GA 400g","AH Kenkey GA 400g",2.00000, ,2.00000,2.99000,,0.331100,,0, , ,Grocery, , ,Standard, ,9563467, 
"AH Fanti Kenkey 600g","AH Fanti Kenkey 600g",2.00000, ,2.00000,2.99000,,0.331100,,0, , ,Grocery, , ,Standard, ,9563485, 
"Prekese 300g","Prekese 300g",2.50000, ,2.50000,3.30000,,0.242420,,0, , ,Grocery, , ,Standard, ,9563790, 
"AH Red Palm Oil 4.5L","AH Red Palm Oil 4.5L",10.25000, ,10.25000,14.49000,,0.292620,,0, ,5061069145229,Oil, , ,Standard, ,9563837, 
"AH Zomi Palm Oil 1L","AH Zomi Palm Oil 1L",2.60000, ,2.60000,3.75000,,0.306670,,0, ,5061069142648,Oil, , ,Standard, ,9563953, 
"Water yam 1kg","Water yam 1kg",3.00000, ,3.00000,4.00000,,0.250000,,0, , ,Tubers, , ,Weighed, ,9572381, 
"Chivita Box of 10","Chivita Box of 10",17.00000, ,17.00000,21.99000,,0.226920,,0, , ,Drinks, , ,Standard, ,9572391, 
"AH Zomi 4.5L","AH Zomi 4.5L",10.25000, ,10.25000,14.49000,,0.292620,,0, ,5061069145212,Oil, , ,Standard, ,9572423, 
"AD Catfish Rings 300g","AD Catfish Rings 300g",6.50000, ,6.50000,8.99000,,0.276970,,0, ,5061069146042,Fish, , ,Standard, ,9572441, 
"AH Chinchin coconut 250g","AH Chinchin coconut 250g",1.00000, ,1.00000,1.75000,,0.428570,,0, ,5061069143379,snacks, , ,Standard, ,9572460, 
"AH Chinchin coconut 900g","AH Chinchin coconut 900g",4.00000, ,4.00000,5.49000,,0.271400,,0, ,5061069143393,snacks, , ,Standard, ,9572483, 
"DR Mixed Herbs 150g","DR Mixed Herbs 150g",3.50000, ,3.50000,4.99000,,0.298600,,0, ,5012389671417,spice, , ,Standard, ,9572569, 
"Gb Palmoil 1L","Gb Palmoil 1L",2.84000, ,2.84000,3.99000,,0.288220,,0, ,5029788173688,Oil, , ,Standard, ,9572661, 
"Gb Zomi Oil 1L","Gb Zomi Oil 1L",2.92000, ,2.92000,3.99000,,0.268170,,0, ,5029788173749,Oil, , ,Standard, ,9572691, 
"Gb Zomi OIl 500ml","Gb Zomi OIl 500ml",1.55000, ,1.55000,1.99000,,0.221110,,0, ,5029788173763,Oil, , ,Standard, ,9572704, 
"Gb Zomi 2L","Gb Zomi 2L",5.70000, ,5.70000,7.99000,,0.286610,,0, ,5029788173787,Oil, , ,Standard, ,9572714, 
"Gb Abemudro pamnut soup 800g","Gb Abemudro pamnut soup 800g",2.75000, ,2.75000,3.70000,,0.256760,,0, ,5029788181058,Grocery, , ,Standard, ,9572730, 
"Gino Asun Seasoning 50g","Gino Asun Seasoning 50g",0.32000, ,0.32000,0.50000,,0.360000,,0, ,8410300371076,seasoning, , ,Standard, ,9572743, 
"Gino Party JollofBox 50*50g","Gino Party JollofBox 50*50g",15.99000, ,15.99000,20.99000,,0.238210,,0, , ,seasoning, , ,Standard, ,9572758, 
"Gino Pepper&Onion Box 50*50","Gino Pepper&Onion Box 50*50",15.99000, ,15.99000,20.99000,,0.238210,,0, , ,Grocery, , ,Standard, ,9572779, 
"Island Best Farina 1.5kg","Island Best Farina 1.5kg",2.70000, ,2.70000,3.49000,,0.226360,,0, ,5061069140422,flour, , ,Standard, ,9572803, 
"IB Mash Potato","IB Mash Potato",4.50000, ,4.50000,5.99000,,0.248750,,0, ,5061069140422,flour, , ,Standard, ,9572830, 
"Knorr Chicken cube Box of 14","Knorr Chicken cube Box of 14",24.99000, ,24.99000,31.99000,,0.218820,,0, , ,seasoning, , ,Standard, ,9572855, 
"Titus Sardine Box of 50","Titus Sardine Box of 50",54.99000, ,54.99000,68.99000,,0.202930,,0, , ,Grocery, , ,Standard, ,9573057, 
"Cassava Leaves frozen 500g","Cassava Leaves frozen 500g",1.20000, ,1.20000,1.99000,,0.396980,,0, , ,vegetrables, , ,Standard, ,9573067, 
"Robb pk of 12","Robb pk of 12",9.60000, ,9.60000,12.00000,,0.200000,,0, ,6033000101983,Groceries, , ,Standard, ,9573228, 
"Supermalt bottle","Supermalt bottle",0.75000, ,0.75000,1.20000,,0.375000,,0, , ,Drinks, , ,Standard, ,9573368, 
"Whole Ogbono 100g","Whole Ogbono 100g",1.80000, ,1.80000,2.99000,,0.397990,,0, , ,Grocery, , ,Standard, ,9573465, 
"Whole Ogbonno 200g","Whole Ogbonno 200g",3.50000, ,3.50000,4.99000,,0.298600,,0, , ,Groceries, , ,Standard, ,9573469, 
Freedom,Freedom,10.00000, ,10.00000,13.00000,,0.230770,,0, , ,Hair, , ,Standard, ,9573483, 
"Twisted Afro","Twisted Afro",8.00000, ,8.00000,12.00000,,0.333330,,0, , ,Hair, , ,Standard, ,9573488, 
"Kanekion Tangle free","Kaneklon Tangle free",8.00000, ,8.00000,12.00000,,0.333330,,0, , ,Hair, , ,Standard, ,9573492, 
Mirage,Mirage,10.00000, ,10.00000,14.00000,,0.285710,,0, , ,Hair, , ,Standard, ,9573496, 
Hairkey,Hairkey,10.00000, ,10.00000,14.50000,,0.310340,,0, , ,Hair, , ,Standard, ,9573500, 
Flexi,Flexi,7.00000, ,7.00000,10.00000,,0.300000,,0, , ,Hair, , ,Standard, ,9573505, 
Crave,Crave,15.00000, ,15.00000,19.50000,,0.230770,,0, , ,Hair, , ,Standard, ,9573511, 
Skyline,Skyline,8.00000, ,8.00000,12.00000,,0.333330,,0, , ,Hair, , ,Standard, ,9573514, 
Classics,Classics,8.00000, ,8.00000,11.50000,,0.304350,,0, , ,Hair, , ,Standard, ,9573516, 
"Bella Collection","Bella Collection",7.00000, ,7.00000,11.00000,,0.363640,,0, , ,Hair, , ,Standard, ,9573522, 
Lydia,Lydia,8.00000, ,8.00000,11.00000,,0.272730,,0, , ,Hair, , ,Standard, ,9573524, 
"Butterfly curl","Butterfly curl",7.00000, ,7.00000,11.00000,,0.363640,,0, , ,Hair, , ,Standard, ,9573527, 
"Queen and girl","Queen and girl",8.00000, ,8.00000,12.00000,,0.333330,,0, , ,Hair, , ,Standard, ,9573531, 
"Remember your Bea","Remember your Bea",12.00000, ,12.00000,17.50000,,0.314290,,0, , ,Hair, , ,Standard, ,9573535, 
"Ltangle free","Ltangle free",15.00000, ,15.00000,19.99000,,0.249620,,0, , ,Hair, , ,Standard, ,9573540, 
"Lush Small","Lush Small",3.50000, ,3.50000,5.00000,,0.300000,,0, , ,Hair, , ,Standard, ,9573545, 
"fresh curl","fresh curl",8.00000, ,8.00000,11.99000,,0.332780,,0, , ,Hair, , ,Standard, ,9573548, 
"Yam Box","Yam Box",36.38000, ,36.38000,46.00000,,0.209130,,0, , ,Tubers, , ,Standard, ,9646751, 
"Uganda Pepper Half box","Uganda Pepper 4kg",11.60000, ,11.60000,16.00000,,0.275000,,0, , ,spice, , ,Standard, ,9647269, 
"Ox Kidney 10kg box","Ox Kidney 10kg box",19.00000, ,19.00000,29.00000,,0.344830,,0, , ,"Frozen Protein", , ,Standard, ,9709835, 
"Smoked Mask/Pomo 10kg box","Smoked Mask 10kg box",15.00000, ,15.00000,25.00000,,0.400000,,0, , ,"Frozen Protein", , ,Standard, ,9709868, 
"Turkey gizzard 10kg box","Turkey gizzard 10kg box",35.00000, ,35.00000,45.00000,,0.222220,,0, , ,"Frozen Protein", , ,Standard, ,9709938, 
"Turkey Gizzard 5kg box","Turkey Gizzard 5kg box",17.50000, ,17.50000,22.50000,,0.222220,,0, , ,"Frozen Protein", , ,Standard, ,9709941, 
"Croaker Fish Box","Croaker Fish Box",25.50000, ,25.50000,31.00000,,0.177420,,0, , ,Fish, , ,Standard, ,9709980, 
"Ox Heart Box 10kg","Ox Heart Box 10kg",19.00000, ,19.00000,24.00000,,0.208330,,0, , ,"Frozen Protein", , ,Standard, ,9710177, 
"Skinneal Cream","Skinneal Cream",2.00000, ,2.00000,2.99000,,0.331100,,0, ,6921465734849,Cream, , ,Standard, ,9918462, 
"Badia Cumin 56.7g","Badia Cumin 56.7g",1.12000, ,1.12000,1.50000,,0.253330,,0, ,033844000073,spice, , ,Standard, ,9918824, 
"Badia Jollof Rice Seasoning 165g","Badia Jollof Rice Seasoning 165g",2.00000, ,2.00000,2.70000,,0.259260,,0, ,033844001995,seasoning, , ,Standard, ,9918884, 
"Badia MSG 78g","Badia MSG 78g",1.10000, ,1.10000,1.50000,,0.266670,,0, ,033844002305,Frozen, , ,Standard, ,9918894, 
"Dalgety Cerassie & Corrila Tea","Dalgety Cerassie & Corrila Tea",2.70000, ,2.70000,3.60000,,0.250000,,0, , ,Tea, , ,Standard, ,9919066, 
"Dalgety Chai Masala Spice Tea","Dalgety Chai Masala Spice Tea",1.84000, ,1.84000,2.50000,,0.264000,,0, ,6712670000627,Tea, , ,Standard, ,9919085, 
"Dalgety Honey & Ginger Tea 72g","Dalgety Honey & Ginger Tea 72g",1.84000, ,1.84000,2.50000,,0.264000,,0, , ,Tea, , ,Standard, ,9919152, 
"Dalgety Instant Ginger Tea 126g","Dalgety Instant Ginger Tea 126g",2.42000, ,2.42000,3.10000,,0.219350,,0, , ,Tea, , ,Standard, ,9919184, 
